file,line,type,commit,author,date,time,timezone,datetime,depth,length
style.css,1,css,a5fb2a31,Kang Lee,2026-04-10,13:15:32,-07:00,2026-04-10T13:15:32-07:00,0,28
style.css,2,css,a5fb2a31,Kang Lee,2026-04-10,13:15:32,-07:00,2026-04-10T13:15:32-07:00,0,5
style.css,3,css,a5fb2a31,Kang Lee,2026-04-10,13:15:32,-07:00,2026-04-10T13:15:32-07:00,1,31
style.css,4,css,a5fb2a31,Kang Lee,2026-04-10,13:15:32,-07:00,2026-04-10T13:15:32-07:00,1,32
style.css,5,css,66a8963a,Kang Lee,2026-04-17,11:50:15,-07:00,2026-04-17T11:50:15-07:00,1,51
style.css,6,css,66a8963a,Kang Lee,2026-04-17,11:50:15,-07:00,2026-04-17T11:50:15-07:00,1,23
style.css,7,css,a5fb2a31,Kang Lee,2026-04-10,13:15:32,-07:00,2026-04-10T13:15:32-07:00,0,0
style.css,8,css,a5fb2a31,Kang Lee,2026-04-10,13:15:32,-07:00,2026-04-10T13:15:32-07:00,0,0
style.css,9,css,a5fb2a31,Kang Lee,2026-04-10,13:15:32,-07:00,2026-04-10T13:15:32-07:00,0,23
style.css,10,css,81a5f40d,Kang Lee,2026-04-03,14:14:36,-07:00,2026-04-03T14:14:36-07:00,0,4
style.css,11,css,81a5f40d,Kang Lee,2026-04-03,14:14:36,-07:00,2026-04-03T14:14:36-07:00,1,23
style.css,12,css,a5fb2a31,Kang Lee,2026-04-10,13:15:32,-07:00,2026-04-10T13:15:32-07:00,1,15
style.css,13,css,a5fb2a31,Kang Lee,2026-04-10,13:15:32,-07:00,2026-04-10T13:15:32-07:00,1,42
style.css,14,css,a5fb2a31,Kang Lee,2026-04-10,13:15:32,-07:00,2026-04-10T13:15:32-07:00,1,11
style.css,15,css,a5fb2a31,Kang Lee,2026-04-10,13:15:32,-07:00,2026-04-10T13:15:32-07:00,0,0
style.css,16,css,a5fb2a31,Kang Lee,2026-04-10,13:15:32,-07:00,2026-04-10T13:15:32-07:00,0,0
style.css,17,css,a5fb2a31,Kang Lee,2026-04-10,13:15:32,-07:00,2026-04-10T13:15:32-07:00,0,33
style.css,18,css,a5fb2a31,Kang Lee,2026-04-10,13:15:32,-07:00,2026-04-10T13:15:32-07:00,0,22
style.css,19,css,a5fb2a31,Kang Lee,2026-04-10,13:15:32,-07:00,2026-04-10T13:15:32-07:00,1,15
style.css,20,css,a5fb2a31,Kang Lee,2026-04-10,13:15:32,-07:00,2026-04-10T13:15:32-07:00,1,17
style.css,21,css,a5fb2a31,Kang Lee,2026-04-10,13:15:32,-07:00,2026-04-10T13:15:32-07:00,0,0
style.css,22,css,a5fb2a31,Kang Lee,2026-04-10,13:15:32,-07:00,2026-04-10T13:15:32-07:00,0,0
style.css,23,css,a5fb2a31,Kang Lee,2026-04-10,13:15:32,-07:00,2026-04-10T13:15:32-07:00,0,2
style.css,24,css,a5fb2a31,Kang Lee,2026-04-10,13:15:32,-07:00,2026-04-10T13:15:32-07:00,1,14
style.css,25,css,a5fb2a31,Kang Lee,2026-04-10,13:15:32,-07:00,2026-04-10T13:15:32-07:00,1,19
style.css,26,css,a5fb2a31,Kang Lee,2026-04-10,13:15:32,-07:00,2026-04-10T13:15:32-07:00,0,0
style.css,27,css,a5fb2a31,Kang Lee,2026-04-10,13:15:32,-07:00,2026-04-10T13:15:32-07:00,0,0
style.css,28,css,a5fb2a31,Kang Lee,2026-04-10,13:15:32,-07:00,2026-04-10T13:15:32-07:00,0,26
style.css,29,css,a5fb2a31,Kang Lee,2026-04-10,13:15:32,-07:00,2026-04-10T13:15:32-07:00,0,3
style.css,30,css,a5fb2a31,Kang Lee,2026-04-10,13:15:32,-07:00,2026-04-10T13:15:32-07:00,1,12
style.css,31,css,a5fb2a31,Kang Lee,2026-04-10,13:15:32,-07:00,2026-04-10T13:15:32-07:00,1,17
style.css,32,css,66a8963a,Kang Lee,2026-04-17,11:50:15,-07:00,2026-04-17T11:50:15-07:00,1,25
style.css,33,css,66a8963a,Kang Lee,2026-04-17,11:50:15,-07:00,2026-04-17T11:50:15-07:00,1,39
style.css,34,css,66a8963a,Kang Lee,2026-04-17,11:50:15,-07:00,2026-04-17T11:50:15-07:00,1,43
style.css,35,css,a5fb2a31,Kang Lee,2026-04-10,13:15:32,-07:00,2026-04-10T13:15:32-07:00,0,0
style.css,36,css,a5fb2a31,Kang Lee,2026-04-10,13:15:32,-07:00,2026-04-10T13:15:32-07:00,0,0
style.css,37,css,a5fb2a31,Kang Lee,2026-04-10,13:15:32,-07:00,2026-04-10T13:15:32-07:00,0,5
style.css,38,css,a5fb2a31,Kang Lee,2026-04-10,13:15:32,-07:00,2026-04-10T13:15:32-07:00,0,6
style.css,39,css,a5fb2a31,Kang Lee,2026-04-10,13:15:32,-07:00,2026-04-10T13:15:32-07:00,1,16
style.css,40,css,a5fb2a31,Kang Lee,2026-04-10,13:15:32,-07:00,2026-04-10T13:15:32-07:00,0,0
style.css,41,css,a5fb2a31,Kang Lee,2026-04-10,13:15:32,-07:00,2026-04-10T13:15:32-07:00,0,0
style.css,42,css,a5fb2a31,Kang Lee,2026-04-10,13:15:32,-07:00,2026-04-10T13:15:32-07:00,0,5
style.css,43,css,a5fb2a31,Kang Lee,2026-04-10,13:15:32,-07:00,2026-04-10T13:15:32-07:00,1,6
style.css,44,css,a5fb2a31,Kang Lee,2026-04-10,13:15:32,-07:00,2026-04-10T13:15:32-07:00,1,17
style.css,45,css,a5fb2a31,Kang Lee,2026-04-10,13:15:32,-07:00,2026-04-10T13:15:32-07:00,1,20
style.css,46,css,a5fb2a31,Kang Lee,2026-04-10,13:15:32,-07:00,2026-04-10T13:15:32-07:00,1,13
style.css,47,css,a5fb2a31,Kang Lee,2026-04-10,13:15:32,-07:00,2026-04-10T13:15:32-07:00,1,13
style.css,48,css,a5fb2a31,Kang Lee,2026-04-10,13:15:32,-07:00,2026-04-10T13:15:32-07:00,0,0
style.css,49,css,a5fb2a31,Kang Lee,2026-04-10,13:15:32,-07:00,2026-04-10T13:15:32-07:00,0,0
style.css,50,css,a5fb2a31,Kang Lee,2026-04-10,13:15:32,-07:00,2026-04-10T13:15:32-07:00,0,13
style.css,51,css,66a8963a,Kang Lee,2026-04-17,11:50:15,-07:00,2026-04-17T11:50:15-07:00,1,36
style.css,52,css,66a8963a,Kang Lee,2026-04-17,11:50:15,-07:00,2026-04-17T11:50:15-07:00,1,45
style.css,53,css,a5fb2a31,Kang Lee,2026-04-10,13:15:32,-07:00,2026-04-10T13:15:32-07:00,1,20
style.css,54,css,a5fb2a31,Kang Lee,2026-04-10,13:15:32,-07:00,2026-04-10T13:15:32-07:00,0,0
style.css,55,css,a5fb2a31,Kang Lee,2026-04-10,13:15:32,-07:00,2026-04-10T13:15:32-07:00,0,0
style.css,56,css,a5fb2a31,Kang Lee,2026-04-10,13:15:32,-07:00,2026-04-10T13:15:32-07:00,0,11
style.css,57,css,a5fb2a31,Kang Lee,2026-04-10,13:15:32,-07:00,2026-04-10T13:15:32-07:00,1,45
style.css,58,css,a5fb2a31,Kang Lee,2026-04-10,13:15:32,-07:00,2026-04-10T13:15:32-07:00,1,20
style.css,59,css,66a8963a,Kang Lee,2026-04-17,11:50:15,-07:00,2026-04-17T11:50:15-07:00,1,45
style.css,60,css,66a8963a,Kang Lee,2026-04-17,11:50:15,-07:00,2026-04-17T11:50:15-07:00,1,69
style.css,61,css,a5fb2a31,Kang Lee,2026-04-10,13:15:32,-07:00,2026-04-10T13:15:32-07:00,0,0
style.css,62,css,a5fb2a31,Kang Lee,2026-04-10,13:15:32,-07:00,2026-04-10T13:15:32-07:00,0,0
style.css,63,css,a5fb2a31,Kang Lee,2026-04-10,13:15:32,-07:00,2026-04-10T13:15:32-07:00,0,26
style.css,64,css,a5fb2a31,Kang Lee,2026-04-10,13:15:32,-07:00,2026-04-10T13:15:32-07:00,0,7
style.css,65,css,a5fb2a31,Kang Lee,2026-04-10,13:15:32,-07:00,2026-04-10T13:15:32-07:00,1,17
style.css,66,css,a5fb2a31,Kang Lee,2026-04-10,13:15:32,-07:00,2026-04-10T13:15:32-07:00,0,0
style.css,67,css,a5fb2a31,Kang Lee,2026-04-10,13:15:32,-07:00,2026-04-10T13:15:32-07:00,0,0
style.css,68,css,a5fb2a31,Kang Lee,2026-04-10,13:15:32,-07:00,2026-04-10T13:15:32-07:00,0,10
style.css,69,css,a5fb2a31,Kang Lee,2026-04-10,13:15:32,-07:00,2026-04-10T13:15:32-07:00,1,24
style.css,70,css,a5fb2a31,Kang Lee,2026-04-10,13:15:32,-07:00,2026-04-10T13:15:32-07:00,1,20
style.css,71,css,a5fb2a31,Kang Lee,2026-04-10,13:15:32,-07:00,2026-04-10T13:15:32-07:00,1,15
style.css,72,css,a5fb2a31,Kang Lee,2026-04-10,13:15:32,-07:00,2026-04-10T13:15:32-07:00,1,41
style.css,73,css,a5fb2a31,Kang Lee,2026-04-10,13:15:32,-07:00,2026-04-10T13:15:32-07:00,1,20
style.css,74,css,a5fb2a31,Kang Lee,2026-04-10,13:15:32,-07:00,2026-04-10T13:15:32-07:00,1,17
style.css,75,css,a5fb2a31,Kang Lee,2026-04-10,13:15:32,-07:00,2026-04-10T13:15:32-07:00,0,0
style.css,76,css,a5fb2a31,Kang Lee,2026-04-10,13:15:32,-07:00,2026-04-10T13:15:32-07:00,0,0
style.css,77,css,a5fb2a31,Kang Lee,2026-04-10,13:15:32,-07:00,2026-04-10T13:15:32-07:00,0,14
style.css,78,css,a5fb2a31,Kang Lee,2026-04-10,13:15:32,-07:00,2026-04-10T13:15:32-07:00,1,12
style.css,79,css,66a8963a,Kang Lee,2026-04-17,11:50:15,-07:00,2026-04-17T11:50:15-07:00,1,29
style.css,80,css,a5fb2a31,Kang Lee,2026-04-10,13:15:32,-07:00,2026-04-10T13:15:32-07:00,1,20
style.css,81,css,a5fb2a31,Kang Lee,2026-04-10,13:15:32,-07:00,2026-04-10T13:15:32-07:00,1,14
style.css,82,css,a5fb2a31,Kang Lee,2026-04-10,13:15:32,-07:00,2026-04-10T13:15:32-07:00,1,19
style.css,83,css,81a5f40d,Kang Lee,2026-04-03,14:14:36,-07:00,2026-04-03T14:14:36-07:00,0,0
style.css,84,css,81a5f40d,Kang Lee,2026-04-03,14:14:36,-07:00,2026-04-03T14:14:36-07:00,0,0
style.css,85,css,a5fb2a31,Kang Lee,2026-04-10,13:15:32,-07:00,2026-04-10T13:15:32-07:00,0,10
style.css,86,css,a5fb2a31,Kang Lee,2026-04-10,13:15:32,-07:00,2026-04-10T13:15:32-07:00,1,8
style.css,87,css,a5fb2a31,Kang Lee,2026-04-10,13:15:32,-07:00,2026-04-10T13:15:32-07:00,0,0
style.css,88,css,a5fb2a31,Kang Lee,2026-04-10,13:15:32,-07:00,2026-04-10T13:15:32-07:00,0,0
style.css,89,css,a5fb2a31,Kang Lee,2026-04-10,13:15:32,-07:00,2026-04-10T13:15:32-07:00,0,4
style.css,90,css,a5fb2a31,Kang Lee,2026-04-10,13:15:32,-07:00,2026-04-10T13:15:32-07:00,1,33
style.css,91,css,a5fb2a31,Kang Lee,2026-04-10,13:15:32,-07:00,2026-04-10T13:15:32-07:00,1,21
style.css,92,css,a5fb2a31,Kang Lee,2026-04-10,13:15:32,-07:00,2026-04-10T13:15:32-07:00,1,15
style.css,93,css,a5fb2a31,Kang Lee,2026-04-10,13:15:32,-07:00,2026-04-10T13:15:32-07:00,0,0
style.css,94,css,a5fb2a31,Kang Lee,2026-04-10,13:15:32,-07:00,2026-04-10T13:15:32-07:00,0,0
style.css,95,css,a5fb2a31,Kang Lee,2026-04-10,13:15:32,-07:00,2026-04-10T13:15:32-07:00,0,25
style.css,96,css,a5fb2a31,Kang Lee,2026-04-10,13:15:32,-07:00,2026-04-10T13:15:32-07:00,0,9
style.css,97,css,a5fb2a31,Kang Lee,2026-04-10,13:15:32,-07:00,2026-04-10T13:15:32-07:00,1,12
style.css,98,css,a5fb2a31,Kang Lee,2026-04-10,13:15:32,-07:00,2026-04-10T13:15:32-07:00,1,58
style.css,99,css,a5fb2a31,Kang Lee,2026-04-10,13:15:32,-07:00,2026-04-10T13:15:32-07:00,1,7
style.css,100,css,a5fb2a31,Kang Lee,2026-04-10,13:15:32,-07:00,2026-04-10T13:15:32-07:00,0,0
style.css,101,css,a5fb2a31,Kang Lee,2026-04-10,13:15:32,-07:00,2026-04-10T13:15:32-07:00,0,0
style.css,102,css,a5fb2a31,Kang Lee,2026-04-10,13:15:32,-07:00,2026-04-10T13:15:32-07:00,0,17
style.css,103,css,a5fb2a31,Kang Lee,2026-04-10,13:15:32,-07:00,2026-04-10T13:15:32-07:00,1,12
style.css,104,css,a5fb2a31,Kang Lee,2026-04-10,13:15:32,-07:00,2026-04-10T13:15:32-07:00,1,26
style.css,105,css,f15d968e,Kang Lee,2026-04-23,11:57:17,-07:00,2026-04-23T11:57:17-07:00,1,15
style.css,106,css,a5fb2a31,Kang Lee,2026-04-10,13:15:32,-07:00,2026-04-10T13:15:32-07:00,1,9
style.css,107,css,a5fb2a31,Kang Lee,2026-04-10,13:15:32,-07:00,2026-04-10T13:15:32-07:00,0,0
style.css,108,css,a5fb2a31,Kang Lee,2026-04-10,13:15:32,-07:00,2026-04-10T13:15:32-07:00,0,0
style.css,109,css,a5fb2a31,Kang Lee,2026-04-10,13:15:32,-07:00,2026-04-10T13:15:32-07:00,0,24
style.css,110,css,a5fb2a31,Kang Lee,2026-04-10,13:15:32,-07:00,2026-04-10T13:15:32-07:00,0,4
style.css,111,css,a5fb2a31,Kang Lee,2026-04-10,13:15:32,-07:00,2026-04-10T13:15:32-07:00,1,12
style.css,112,css,a5fb2a31,Kang Lee,2026-04-10,13:15:32,-07:00,2026-04-10T13:15:32-07:00,1,30
style.css,113,css,a5fb2a31,Kang Lee,2026-04-10,13:15:32,-07:00,2026-04-10T13:15:32-07:00,1,7
style.css,114,css,a5fb2a31,Kang Lee,2026-04-10,13:15:32,-07:00,2026-04-10T13:15:32-07:00,1,15
style.css,115,css,a5fb2a31,Kang Lee,2026-04-10,13:15:32,-07:00,2026-04-10T13:15:32-07:00,0,0
style.css,116,css,a5fb2a31,Kang Lee,2026-04-10,13:15:32,-07:00,2026-04-10T13:15:32-07:00,0,0
style.css,117,css,a5fb2a31,Kang Lee,2026-04-10,13:15:32,-07:00,2026-04-10T13:15:32-07:00,0,8
style.css,118,css,a5fb2a31,Kang Lee,2026-04-10,13:15:32,-07:00,2026-04-10T13:15:32-07:00,1,18
style.css,119,css,a5fb2a31,Kang Lee,2026-04-10,13:15:32,-07:00,2026-04-10T13:15:32-07:00,0,0
style.css,120,css,a5fb2a31,Kang Lee,2026-04-10,13:15:32,-07:00,2026-04-10T13:15:32-07:00,0,0
style.css,121,css,a5fb2a31,Kang Lee,2026-04-10,13:15:32,-07:00,2026-04-10T13:15:32-07:00,0,5
style.css,122,css,a5fb2a31,Kang Lee,2026-04-10,13:15:32,-07:00,2026-04-10T13:15:32-07:00,1,12
style.css,123,css,a5fb2a31,Kang Lee,2026-04-10,13:15:32,-07:00,2026-04-10T13:15:32-07:00,1,29
style.css,124,css,a5fb2a31,Kang Lee,2026-04-10,13:15:32,-07:00,2026-04-10T13:15:32-07:00,1,18
style.css,125,css,a5fb2a31,Kang Lee,2026-04-10,13:15:32,-07:00,2026-04-10T13:15:32-07:00,0,0
style.css,126,css,a5fb2a31,Kang Lee,2026-04-10,13:15:32,-07:00,2026-04-10T13:15:32-07:00,0,0
style.css,127,css,66a8963a,Kang Lee,2026-04-17,11:50:15,-07:00,2026-04-17T11:50:15-07:00,0,46
style.css,128,css,66a8963a,Kang Lee,2026-04-17,11:50:15,-07:00,2026-04-17T11:50:15-07:00,0,31
style.css,129,css,a5fb2a31,Kang Lee,2026-04-10,13:15:32,-07:00,2026-04-10T13:15:32-07:00,1,12
style.css,130,css,a5fb2a31,Kang Lee,2026-04-10,13:15:32,-07:00,2026-04-10T13:15:32-07:00,0,0
style.css,131,css,a5fb2a31,Kang Lee,2026-04-10,13:15:32,-07:00,2026-04-10T13:15:32-07:00,0,0
style.css,132,css,a5fb2a31,Kang Lee,2026-04-10,13:15:32,-07:00,2026-04-10T13:15:32-07:00,0,15
style.css,133,css,a5fb2a31,Kang Lee,2026-04-10,13:15:32,-07:00,2026-04-10T13:15:32-07:00,1,10
style.css,134,css,a5fb2a31,Kang Lee,2026-04-10,13:15:32,-07:00,2026-04-10T13:15:32-07:00,1,21
style.css,135,css,a5fb2a31,Kang Lee,2026-04-10,13:15:32,-07:00,2026-04-10T13:15:32-07:00,0,0
style.css,136,css,a5fb2a31,Kang Lee,2026-04-10,13:15:32,-07:00,2026-04-10T13:15:32-07:00,0,0
style.css,137,css,a5fb2a31,Kang Lee,2026-04-10,13:15:32,-07:00,2026-04-10T13:15:32-07:00,0,6
style.css,138,css,a5fb2a31,Kang Lee,2026-04-10,13:15:32,-07:00,2026-04-10T13:15:32-07:00,1,36
style.css,139,css,a5fb2a31,Kang Lee,2026-04-10,13:15:32,-07:00,2026-04-10T13:15:32-07:00,1,11
style.css,140,css,a5fb2a31,Kang Lee,2026-04-10,13:15:32,-07:00,2026-04-10T13:15:32-07:00,1,11
style.css,141,css,a5fb2a31,Kang Lee,2026-04-10,13:15:32,-07:00,2026-04-10T13:15:32-07:00,1,13
style.css,142,css,a5fb2a31,Kang Lee,2026-04-10,13:15:32,-07:00,2026-04-10T13:15:32-07:00,1,14
style.css,143,css,a5fb2a31,Kang Lee,2026-04-10,13:15:32,-07:00,2026-04-10T13:15:32-07:00,1,17
style.css,144,css,a5fb2a31,Kang Lee,2026-04-10,13:15:32,-07:00,2026-04-10T13:15:32-07:00,0,0
style.css,145,css,a5fb2a31,Kang Lee,2026-04-10,13:15:32,-07:00,2026-04-10T13:15:32-07:00,0,0
style.css,146,css,a5fb2a31,Kang Lee,2026-04-10,13:15:32,-07:00,2026-04-10T13:15:32-07:00,0,21
style.css,147,css,a5fb2a31,Kang Lee,2026-04-10,13:15:32,-07:00,2026-04-10T13:15:32-07:00,0,3
style.css,148,css,a5fb2a31,Kang Lee,2026-04-10,13:15:32,-07:00,2026-04-10T13:15:32-07:00,1,14
style.css,149,css,a5fb2a31,Kang Lee,2026-04-10,13:15:32,-07:00,2026-04-10T13:15:32-07:00,1,11
style.css,150,css,a5fb2a31,Kang Lee,2026-04-10,13:15:32,-07:00,2026-04-10T13:15:32-07:00,0,0
style.css,151,css,66a8963a,Kang Lee,2026-04-17,11:50:15,-07:00,2026-04-17T11:50:15-07:00,0,0
style.css,152,css,66a8963a,Kang Lee,2026-04-17,11:50:15,-07:00,2026-04-17T11:50:15-07:00,0,42
style.css,153,css,66a8963a,Kang Lee,2026-04-17,11:50:15,-07:00,2026-04-17T11:50:15-07:00,0,13
style.css,154,css,66a8963a,Kang Lee,2026-04-17,11:50:15,-07:00,2026-04-17T11:50:15-07:00,1,17
style.css,155,css,66a8963a,Kang Lee,2026-04-17,11:50:15,-07:00,2026-04-17T11:50:15-07:00,1,8
style.css,156,css,66a8963a,Kang Lee,2026-04-17,11:50:15,-07:00,2026-04-17T11:50:15-07:00,1,10
style.css,157,css,66a8963a,Kang Lee,2026-04-17,11:50:15,-07:00,2026-04-17T11:50:15-07:00,1,13
style.css,158,css,66a8963a,Kang Lee,2026-04-17,11:50:15,-07:00,2026-04-17T11:50:15-07:00,1,19
style.css,159,css,66a8963a,Kang Lee,2026-04-17,11:50:15,-07:00,2026-04-17T11:50:15-07:00,0,0
style.css,160,css,f15d968e,Kang Lee,2026-04-23,11:57:17,-07:00,2026-04-23T11:57:17-07:00,0,0
style.css,161,css,f15d968e,Kang Lee,2026-04-23,11:57:17,-07:00,2026-04-23T11:57:17-07:00,0,29
style.css,162,css,f15d968e,Kang Lee,2026-04-23,11:57:17,-07:00,2026-04-23T11:57:17-07:00,0,17
style.css,163,css,f15d968e,Kang Lee,2026-04-23,11:57:17,-07:00,2026-04-23T11:57:17-07:00,1,12
style.css,164,css,f15d968e,Kang Lee,2026-04-23,11:57:17,-07:00,2026-04-23T11:57:17-07:00,1,58
style.css,165,css,f15d968e,Kang Lee,2026-04-23,11:57:17,-07:00,2026-04-23T11:57:17-07:00,1,7
style.css,166,css,f15d968e,Kang Lee,2026-04-23,11:57:17,-07:00,2026-04-23T11:57:17-07:00,1,17
style.css,167,css,f15d968e,Kang Lee,2026-04-23,11:57:17,-07:00,2026-04-23T11:57:17-07:00,0,0
style.css,168,css,f15d968e,Kang Lee,2026-04-23,11:57:17,-07:00,2026-04-23T11:57:17-07:00,0,0
style.css,169,css,f15d968e,Kang Lee,2026-04-23,11:57:17,-07:00,2026-04-23T11:57:17-07:00,0,17
style.css,170,css,f15d968e,Kang Lee,2026-04-23,11:57:17,-07:00,2026-04-23T11:57:17-07:00,1,50
style.css,171,css,f15d968e,Kang Lee,2026-04-23,11:57:17,-07:00,2026-04-23T11:57:17-07:00,1,16
style.css,172,css,f15d968e,Kang Lee,2026-04-23,11:57:17,-07:00,2026-04-23T11:57:17-07:00,1,24
style.css,173,css,f15d968e,Kang Lee,2026-04-23,11:57:17,-07:00,2026-04-23T11:57:17-07:00,1,15
style.css,174,css,f15d968e,Kang Lee,2026-04-23,11:57:17,-07:00,2026-04-23T11:57:17-07:00,1,25
style.css,175,css,f15d968e,Kang Lee,2026-04-23,11:57:17,-07:00,2026-04-23T11:57:17-07:00,0,0
style.css,176,css,f15d968e,Kang Lee,2026-04-23,11:57:17,-07:00,2026-04-23T11:57:17-07:00,0,0
style.css,177,css,f15d968e,Kang Lee,2026-04-23,11:57:17,-07:00,2026-04-23T11:57:17-07:00,0,17
style.css,178,css,f15d968e,Kang Lee,2026-04-23,11:57:17,-07:00,2026-04-23T11:57:17-07:00,1,53
style.css,179,css,f15d968e,Kang Lee,2026-04-23,11:57:17,-07:00,2026-04-23T11:57:17-07:00,1,50
style.css,180,css,f15d968e,Kang Lee,2026-04-23,11:57:17,-07:00,2026-04-23T11:57:17-07:00,1,13
style.css,181,css,f15d968e,Kang Lee,2026-04-23,11:57:17,-07:00,2026-04-23T11:57:17-07:00,0,0
style.css,182,css,6f629df8,Kang Lee,2026-04-30,11:52:46,-07:00,2026-04-30T11:52:46-07:00,0,0
style.css,183,css,6f629df8,Kang Lee,2026-04-30,11:52:46,-07:00,2026-04-30T11:52:46-07:00,0,50
style.css,184,css,6f629df8,Kang Lee,2026-04-30,11:52:46,-07:00,2026-04-30T11:52:46-07:00,0,10
style.css,185,css,6f629df8,Kang Lee,2026-04-30,11:52:46,-07:00,2026-04-30T11:52:46-07:00,1,12
style.css,186,css,6f629df8,Kang Lee,2026-04-30,11:52:46,-07:00,2026-04-30T11:52:46-07:00,1,63
style.css,187,css,6f629df8,Kang Lee,2026-04-30,11:52:46,-07:00,2026-04-30T11:52:46-07:00,1,7
style.css,188,css,6f629df8,Kang Lee,2026-04-30,11:52:46,-07:00,2026-04-30T11:52:46-07:00,1,17
style.css,189,css,6f629df8,Kang Lee,2026-04-30,11:52:46,-07:00,2026-04-30T11:52:46-07:00,0,0
style.css,190,css,6f629df8,Kang Lee,2026-04-30,11:52:46,-07:00,2026-04-30T11:52:46-07:00,0,0
style.css,191,css,6f629df8,Kang Lee,2026-04-30,11:52:46,-07:00,2026-04-30T11:52:46-07:00,0,18
style.css,192,css,6f629df8,Kang Lee,2026-04-30,11:52:46,-07:00,2026-04-30T11:52:46-07:00,1,14
style.css,193,css,6f629df8,Kang Lee,2026-04-30,11:52:46,-07:00,2026-04-30T11:52:46-07:00,1,30
style.css,194,css,6f629df8,Kang Lee,2026-04-30,11:52:46,-07:00,2026-04-30T11:52:46-07:00,1,16
style.css,195,css,6f629df8,Kang Lee,2026-04-30,11:52:46,-07:00,2026-04-30T11:52:46-07:00,0,0
style.css,196,css,6f629df8,Kang Lee,2026-04-30,11:52:46,-07:00,2026-04-30T11:52:46-07:00,0,0
style.css,197,css,6f629df8,Kang Lee,2026-04-30,11:52:46,-07:00,2026-04-30T11:52:46-07:00,0,36
style.css,198,css,6f629df8,Kang Lee,2026-04-30,11:52:46,-07:00,2026-04-30T11:52:46-07:00,0,7
style.css,199,css,6f629df8,Kang Lee,2026-04-30,11:52:46,-07:00,2026-04-30T11:52:46-07:00,1,51
style.css,200,css,6f629df8,Kang Lee,2026-04-30,11:52:46,-07:00,2026-04-30T11:52:46-07:00,1,12
style.css,201,css,6f629df8,Kang Lee,2026-04-30,11:52:46,-07:00,2026-04-30T11:52:46-07:00,1,57
style.css,202,css,6f629df8,Kang Lee,2026-04-30,11:52:46,-07:00,2026-04-30T11:52:46-07:00,1,7
style.css,203,css,6f629df8,Kang Lee,2026-04-30,11:52:46,-07:00,2026-04-30T11:52:46-07:00,1,0
style.css,204,css,6f629df8,Kang Lee,2026-04-30,11:52:46,-07:00,2026-04-30T11:52:46-07:00,1,15
style.css,205,css,6f629df8,Kang Lee,2026-04-30,11:52:46,-07:00,2026-04-30T11:52:46-07:00,1,13
style.css,206,css,6f629df8,Kang Lee,2026-04-30,11:52:46,-07:00,2026-04-30T11:52:46-07:00,1,77
style.css,207,css,6f629df8,Kang Lee,2026-04-30,11:52:46,-07:00,2026-04-30T11:52:46-07:00,1,17
style.css,208,css,6f629df8,Kang Lee,2026-04-30,11:52:46,-07:00,2026-04-30T11:52:46-07:00,1,69
style.css,209,css,6f629df8,Kang Lee,2026-04-30,11:52:46,-07:00,2026-04-30T11:52:46-07:00,1,0
style.css,210,css,6f629df8,Kang Lee,2026-04-30,11:52:46,-07:00,2026-04-30T11:52:46-07:00,1,28
style.css,211,css,6f629df8,Kang Lee,2026-04-30,11:52:46,-07:00,2026-04-30T11:52:46-07:00,1,15
style.css,212,css,6f629df8,Kang Lee,2026-04-30,11:52:46,-07:00,2026-04-30T11:52:46-07:00,1,8
style.css,213,css,6f629df8,Kang Lee,2026-04-30,11:52:46,-07:00,2026-04-30T11:52:46-07:00,0,0
style.css,214,css,6f629df8,Kang Lee,2026-04-30,11:52:46,-07:00,2026-04-30T11:52:46-07:00,0,0
style.css,215,css,6f629df8,Kang Lee,2026-04-30,11:52:46,-07:00,2026-04-30T11:52:46-07:00,0,12
style.css,216,css,6f629df8,Kang Lee,2026-04-30,11:52:46,-07:00,2026-04-30T11:52:46-07:00,1,12
style.css,217,css,6f629df8,Kang Lee,2026-04-30,11:52:46,-07:00,2026-04-30T11:52:46-07:00,1,18
style.css,218,css,6f629df8,Kang Lee,2026-04-30,11:52:46,-07:00,2026-04-30T11:52:46-07:00,1,51
style.css,219,css,6f629df8,Kang Lee,2026-04-30,11:52:46,-07:00,2026-04-30T11:52:46-07:00,0,0
style.css,220,css,6f629df8,Kang Lee,2026-04-30,11:52:46,-07:00,2026-04-30T11:52:46-07:00,0,0
style.css,221,css,6f629df8,Kang Lee,2026-04-30,11:52:46,-07:00,2026-04-30T11:52:46-07:00,0,40
style.css,222,css,6f629df8,Kang Lee,2026-04-30,11:52:46,-07:00,2026-04-30T11:52:46-07:00,0,7
style.css,223,css,6f629df8,Kang Lee,2026-04-30,11:52:46,-07:00,2026-04-30T11:52:46-07:00,1,20
style.css,224,css,6f629df8,Kang Lee,2026-04-30,11:52:46,-07:00,2026-04-30T11:52:46-07:00,1,9
style.css,225,css,6f629df8,Kang Lee,2026-04-30,11:52:46,-07:00,2026-04-30T11:52:46-07:00,1,10
style.css,226,css,6f629df8,Kang Lee,2026-04-30,11:52:46,-07:00,2026-04-30T11:52:46-07:00,1,76
style.css,227,css,6f629df8,Kang Lee,2026-04-30,11:52:46,-07:00,2026-04-30T11:52:46-07:00,1,41
style.css,228,css,6f629df8,Kang Lee,2026-04-30,11:52:46,-07:00,2026-04-30T11:52:46-07:00,0,0
style.css,229,css,6f629df8,Kang Lee,2026-04-30,11:52:46,-07:00,2026-04-30T11:52:46-07:00,0,0
style.css,230,css,6f629df8,Kang Lee,2026-04-30,11:52:46,-07:00,2026-04-30T11:52:46-07:00,0,40
style.css,231,css,6f629df8,Kang Lee,2026-04-30,11:52:46,-07:00,2026-04-30T11:52:46-07:00,0,10
style.css,232,css,6f629df8,Kang Lee,2026-04-30,11:52:46,-07:00,2026-04-30T11:52:46-07:00,1,10
style.css,233,css,6f629df8,Kang Lee,2026-04-30,11:52:46,-07:00,2026-04-30T11:52:46-07:00,1,13
style.css,234,css,6f629df8,Kang Lee,2026-04-30,11:52:46,-07:00,2026-04-30T11:52:46-07:00,1,17
style.css,235,css,6f629df8,Kang Lee,2026-04-30,11:52:46,-07:00,2026-04-30T11:52:46-07:00,1,15
style.css,236,css,6f629df8,Kang Lee,2026-04-30,11:52:46,-07:00,2026-04-30T11:52:46-07:00,1,36
style.css,237,css,6f629df8,Kang Lee,2026-04-30,11:52:46,-07:00,2026-04-30T11:52:46-07:00,1,17
style.css,238,css,6f629df8,Kang Lee,2026-04-30,11:52:46,-07:00,2026-04-30T11:52:46-07:00,0,0
style.css,239,css,6f629df8,Kang Lee,2026-04-30,11:52:46,-07:00,2026-04-30T11:52:46-07:00,0,0
style.css,240,css,6f629df8,Kang Lee,2026-04-30,11:52:46,-07:00,2026-04-30T11:52:46-07:00,0,51
style.css,241,css,6f629df8,Kang Lee,2026-04-30,11:52:46,-07:00,2026-04-30T11:52:46-07:00,0,18
style.css,242,css,6f629df8,Kang Lee,2026-04-30,11:52:46,-07:00,2026-04-30T11:52:46-07:00,1,17
style.css,243,css,6f629df8,Kang Lee,2026-04-30,11:52:46,-07:00,2026-04-30T11:52:46-07:00,2,16
style.css,244,css,6f629df8,Kang Lee,2026-04-30,11:52:46,-07:00,2026-04-30T11:52:46-07:00,3,11
style.css,245,css,6f629df8,Kang Lee,2026-04-30,11:52:46,-07:00,2026-04-30T11:52:46-07:00,2,0
style.css,246,css,6f629df8,Kang Lee,2026-04-30,11:52:46,-07:00,2026-04-30T11:52:46-07:00,1,0
style.css,247,css,6f629df8,Kang Lee,2026-04-30,11:52:46,-07:00,2026-04-30T11:52:46-07:00,0,0
style.css,248,css,6f629df8,Kang Lee,2026-04-30,11:52:46,-07:00,2026-04-30T11:52:46-07:00,0,0
style.css,249,css,6f629df8,Kang Lee,2026-04-30,11:52:46,-07:00,2026-04-30T11:52:46-07:00,0,4
style.css,250,css,6f629df8,Kang Lee,2026-04-30,11:52:46,-07:00,2026-04-30T11:52:46-07:00,1,16
style.css,251,css,6f629df8,Kang Lee,2026-04-30,11:52:46,-07:00,2026-04-30T11:52:46-07:00,1,14
style.css,252,css,6f629df8,Kang Lee,2026-04-30,11:52:46,-07:00,2026-04-30T11:52:46-07:00,0,0
style.css,253,css,6f629df8,Kang Lee,2026-04-30,11:52:46,-07:00,2026-04-30T11:52:46-07:00,0,0
style.css,254,css,6f629df8,Kang Lee,2026-04-30,11:52:46,-07:00,2026-04-30T11:52:46-07:00,0,64
style.css,255,css,6f629df8,Kang Lee,2026-04-30,11:52:46,-07:00,2026-04-30T11:52:46-07:00,0,9
style.css,256,css,6f629df8,Kang Lee,2026-04-30,11:52:46,-07:00,2026-04-30T11:52:46-07:00,1,35
style.css,257,css,6f629df8,Kang Lee,2026-04-30,11:52:46,-07:00,2026-04-30T11:52:46-07:00,0,0
style.css,258,css,6f629df8,Kang Lee,2026-04-30,11:52:46,-07:00,2026-04-30T11:52:46-07:00,0,0
style.css,259,css,6f629df8,Kang Lee,2026-04-30,11:52:46,-07:00,2026-04-30T11:52:46-07:00,0,18
style.css,260,css,6f629df8,Kang Lee,2026-04-30,11:52:46,-07:00,2026-04-30T11:52:46-07:00,1,17
style.css,261,css,6f629df8,Kang Lee,2026-04-30,11:52:46,-07:00,2026-04-30T11:52:46-07:00,0,0
index.js,1,js,f15d968e,Kang Lee,2026-04-23,11:57:17,-07:00,2026-04-23T11:57:17-07:00,0,71
index.js,2,js,f15d968e,Kang Lee,2026-04-23,11:57:17,-07:00,2026-04-23T11:57:17-07:00,0,0
index.js,3,js,f15d968e,Kang Lee,2026-04-23,11:57:17,-07:00,2026-04-23T11:57:17-07:00,0,37
index.js,4,js,f15d968e,Kang Lee,2026-04-23,11:57:17,-07:00,2026-04-23T11:57:17-07:00,0,54
index.js,5,js,f15d968e,Kang Lee,2026-04-23,11:57:17,-07:00,2026-04-23T11:57:17-07:00,0,60
index.js,6,js,f15d968e,Kang Lee,2026-04-23,11:57:17,-07:00,2026-04-23T11:57:17-07:00,0,0
index.js,7,js,f15d968e,Kang Lee,2026-04-23,11:57:17,-07:00,2026-04-23T11:57:17-07:00,0,34
index.js,8,js,f15d968e,Kang Lee,2026-04-23,11:57:17,-07:00,2026-04-23T11:57:17-07:00,2,42
index.js,9,js,f15d968e,Kang Lee,2026-04-23,11:57:17,-07:00,2026-04-23T11:57:17-07:00,2,54
index.js,10,js,f15d968e,Kang Lee,2026-04-23,11:57:17,-07:00,2026-04-23T11:57:17-07:00,0,0
index.js,11,js,f15d968e,Kang Lee,2026-04-23,11:57:17,-07:00,2026-04-23T11:57:17-07:00,0,0
index.js,12,js,f15d968e,Kang Lee,2026-04-23,11:57:17,-07:00,2026-04-23T11:57:17-07:00,0,47
index.js,13,js,f15d968e,Kang Lee,2026-04-23,11:57:17,-07:00,2026-04-23T11:57:17-07:00,0,52
index.js,14,js,f15d968e,Kang Lee,2026-04-23,11:57:17,-07:00,2026-04-23T11:57:17-07:00,0,60
index.js,15,js,f15d968e,Kang Lee,2026-04-23,11:57:17,-07:00,2026-04-23T11:57:17-07:00,0,0
index.js,16,js,f15d968e,Kang Lee,2026-04-23,11:57:17,-07:00,2026-04-23T11:57:17-07:00,0,31
index.js,17,js,f15d968e,Kang Lee,2026-04-23,11:57:17,-07:00,2026-04-23T11:57:17-07:00,2,24
index.js,18,js,f15d968e,Kang Lee,2026-04-23,11:57:17,-07:00,2026-04-23T11:57:17-07:00,5,2
index.js,19,js,f15d968e,Kang Lee,2026-04-23,11:57:17,-07:00,2026-04-23T11:57:17-07:00,6,54
index.js,20,js,f15d968e,Kang Lee,2026-04-23,11:57:17,-07:00,2026-04-23T11:57:17-07:00,6,54
index.js,21,js,f15d968e,Kang Lee,2026-04-23,11:57:17,-07:00,2026-04-23T11:57:17-07:00,6,48
index.js,22,js,f15d968e,Kang Lee,2026-04-23,11:57:17,-07:00,2026-04-23T11:57:17-07:00,6,48
index.js,23,js,f15d968e,Kang Lee,2026-04-23,11:57:17,-07:00,2026-04-23T11:57:17-07:00,5,3
index.js,24,js,f15d968e,Kang Lee,2026-04-23,11:57:17,-07:00,2026-04-23T11:57:17-07:00,3,0
index.js,25,js,f15d968e,Kang Lee,2026-04-23,11:57:17,-07:00,2026-04-23T11:57:17-07:00,0,0
index.html,1,html,0a432de1,Kang Lee,2026-04-03,13:09:18,-07:00,2026-04-03T13:09:18-07:00,0,13
index.html,2,html,0a432de1,Kang Lee,2026-04-03,13:09:18,-07:00,2026-04-03T13:09:18-07:00,0,14
index.html,3,html,0a432de1,Kang Lee,2026-04-03,13:09:18,-07:00,2026-04-03T13:09:18-07:00,0,4
index.html,4,html,0a432de1,Kang Lee,2026-04-03,13:09:18,-07:00,2026-04-03T13:09:18-07:00,2,20
index.html,5,html,0a432de1,Kang Lee,2026-04-03,13:09:18,-07:00,2026-04-03T13:09:18-07:00,2,68
index.html,6,html,0a432de1,Kang Lee,2026-04-03,13:09:18,-07:00,2026-04-03T13:09:18-07:00,2,50
index.html,7,html,81a5f40d,Kang Lee,2026-04-03,14:14:36,-07:00,2026-04-03T14:14:36-07:00,2,38
index.html,8,html,a47d45ee,Kang Lee,2026-04-16,16:04:21,-07:00,2026-04-16T16:04:21-07:00,0,0
index.html,9,html,a47d45ee,Kang Lee,2026-04-16,16:04:21,-07:00,2026-04-16T16:04:21-07:00,2,45
index.html,10,html,0a432de1,Kang Lee,2026-04-03,13:09:18,-07:00,2026-04-03T13:09:18-07:00,0,5
index.html,11,html,0a432de1,Kang Lee,2026-04-03,13:09:18,-07:00,2026-04-03T13:09:18-07:00,0,4
index.html,12,html,81a5f40d,Kang Lee,2026-04-03,14:14:36,-07:00,2026-04-03T14:14:36-07:00,0,0
index.html,13,html,0a432de1,Kang Lee,2026-04-03,13:09:18,-07:00,2026-04-03T13:09:18-07:00,2,15
index.html,14,html,0a432de1,Kang Lee,2026-04-03,13:09:18,-07:00,2026-04-03T13:09:18-07:00,2,68
index.html,15,html,81a5f40d,Kang Lee,2026-04-03,14:14:36,-07:00,2026-04-03T14:14:36-07:00,0,0
index.html,16,html,81a5f40d,Kang Lee,2026-04-03,14:14:36,-07:00,2026-04-03T14:14:36-07:00,2,26
index.html,17,html,81a5f40d,Kang Lee,2026-04-03,14:14:36,-07:00,2026-04-03T14:14:36-07:00,2,33
index.html,18,html,81a5f40d,Kang Lee,2026-04-03,14:14:36,-07:00,2026-04-03T14:14:36-07:00,2,34
index.html,19,html,81a5f40d,Kang Lee,2026-04-03,14:14:36,-07:00,2026-04-03T14:14:36-07:00,0,0
index.html,20,html,f15d968e,Kang Lee,2026-04-23,11:57:17,-07:00,2026-04-23T11:57:17-07:00,2,19
index.html,21,html,f15d968e,Kang Lee,2026-04-23,11:57:17,-07:00,2026-04-23T11:57:17-07:00,2,22
index.html,22,html,f15d968e,Kang Lee,2026-04-23,11:57:17,-07:00,2026-04-23T11:57:17-07:00,4,4
index.html,23,html,a5fb2a31,Kang Lee,2026-04-10,13:15:32,-07:00,2026-04-10T13:15:32-07:00,0,0
index.html,24,html,f15d968e,Kang Lee,2026-04-23,11:57:17,-07:00,2026-04-23T11:57:17-07:00,2,22
index.html,25,html,f15d968e,Kang Lee,2026-04-23,11:57:17,-07:00,2026-04-23T11:57:17-07:00,2,26
index.html,26,html,f15d968e,Kang Lee,2026-04-23,11:57:17,-07:00,2026-04-23T11:57:17-07:00,0,0
index.html,27,html,f15d968e,Kang Lee,2026-04-23,11:57:17,-07:00,2026-04-23T11:57:17-07:00,2,50
index.html,28,html,f15d968e,Kang Lee,2026-04-23,11:57:17,-07:00,2026-04-23T11:57:17-07:00,0,0
index.html,29,html,f15d968e,Kang Lee,2026-04-23,11:57:17,-07:00,2026-04-23T11:57:17-07:00,2,5
index.html,30,html,0a432de1,Kang Lee,2026-04-03,13:09:18,-07:00,2026-04-03T13:09:18-07:00,0,5
global.js,1,js,0ecba836,Kang Lee,2026-04-16,11:07:50,-07:00,2026-04-16T11:07:50-07:00,0,25
global.js,2,js,0ecba836,Kang Lee,2026-04-16,11:07:50,-07:00,2026-04-16T11:07:50-07:00,0,0
global.js,3,js,0ecba836,Kang Lee,2026-04-16,11:07:50,-07:00,2026-04-16T11:07:50-07:00,0,41
global.js,4,js,0ecba836,Kang Lee,2026-04-16,11:07:50,-07:00,2026-04-16T11:07:50-07:00,1,52
global.js,5,js,f5b90386,Kang Lee,2026-04-17,10:09:09,-07:00,2026-04-17T10:09:09-07:00,0,0
global.js,6,js,f5b90386,Kang Lee,2026-04-17,10:09:09,-07:00,2026-04-17T10:09:09-07:00,0,0
global.js,7,js,8357c97d,Kang Lee,2026-04-17,11:40:01,-07:00,2026-04-17T11:40:01-07:00,0,11
global.js,8,js,8357c97d,Kang Lee,2026-04-17,11:40:01,-07:00,2026-04-17T11:40:01-07:00,1,25
global.js,9,js,8357c97d,Kang Lee,2026-04-17,11:40:01,-07:00,2026-04-17T11:40:01-07:00,1,38
global.js,10,js,8357c97d,Kang Lee,2026-04-17,11:40:01,-07:00,2026-04-17T11:40:01-07:00,1,34
global.js,11,js,8357c97d,Kang Lee,2026-04-17,11:40:01,-07:00,2026-04-17T11:40:01-07:00,1,36
global.js,12,js,66a8963a,Kang Lee,2026-04-17,11:50:15,-07:00,2026-04-17T11:50:15-07:00,1,54
global.js,13,js,8357c97d,Kang Lee,2026-04-17,11:40:01,-07:00,2026-04-17T11:40:01-07:00,0,0
global.js,14,js,f5b90386,Kang Lee,2026-04-17,10:09:09,-07:00,2026-04-17T10:09:09-07:00,0,0
global.js,15,js,8357c97d,Kang Lee,2026-04-17,11:40:01,-07:00,2026-04-17T11:40:01-07:00,0,38
global.js,16,js,8357c97d,Kang Lee,2026-04-17,11:40:01,-07:00,2026-04-17T11:40:01-07:00,0,25
global.js,17,js,f5b90386,Kang Lee,2026-04-17,10:09:09,-07:00,2026-04-17T10:09:09-07:00,0,0
global.js,18,js,8357c97d,Kang Lee,2026-04-17,11:40:01,-07:00,2026-04-17T11:40:01-07:00,0,88
global.js,19,js,8357c97d,Kang Lee,2026-04-17,11:40:01,-07:00,2026-04-17T11:40:01-07:00,1,3
global.js,20,js,8357c97d,Kang Lee,2026-04-17,11:40:01,-07:00,2026-04-17T11:40:01-07:00,1,14
global.js,21,js,8357c97d,Kang Lee,2026-04-17,11:40:01,-07:00,2026-04-17T11:40:01-07:00,0,0
global.js,22,js,8357c97d,Kang Lee,2026-04-17,11:40:01,-07:00,2026-04-17T11:40:01-07:00,0,20
global.js,23,js,8357c97d,Kang Lee,2026-04-17,11:40:01,-07:00,2026-04-17T11:40:01-07:00,1,14
global.js,24,js,8357c97d,Kang Lee,2026-04-17,11:40:01,-07:00,2026-04-17T11:40:01-07:00,1,18
global.js,25,js,8357c97d,Kang Lee,2026-04-17,11:40:01,-07:00,2026-04-17T11:40:01-07:00,0,0
global.js,26,js,8357c97d,Kang Lee,2026-04-17,11:40:01,-07:00,2026-04-17T11:40:01-07:00,1,28
global.js,27,js,8357c97d,Kang Lee,2026-04-17,11:40:01,-07:00,2026-04-17T11:40:01-07:00,2,20
global.js,28,js,8357c97d,Kang Lee,2026-04-17,11:40:01,-07:00,2026-04-17T11:40:01-07:00,1,0
global.js,29,js,8357c97d,Kang Lee,2026-04-17,11:40:01,-07:00,2026-04-17T11:40:01-07:00,0,0
global.js,30,js,8357c97d,Kang Lee,2026-04-17,11:40:01,-07:00,2026-04-17T11:40:01-07:00,1,34
global.js,31,js,8357c97d,Kang Lee,2026-04-17,11:40:01,-07:00,2026-04-17T11:40:01-07:00,1,11
global.js,32,js,8357c97d,Kang Lee,2026-04-17,11:40:01,-07:00,2026-04-17T11:40:01-07:00,1,20
global.js,33,js,8357c97d,Kang Lee,2026-04-17,11:40:01,-07:00,2026-04-17T11:40:01-07:00,0,0
global.js,34,js,8357c97d,Kang Lee,2026-04-17,11:40:01,-07:00,2026-04-17T11:40:01-07:00,1,17
global.js,35,js,8357c97d,Kang Lee,2026-04-17,11:40:01,-07:00,2026-04-17T11:40:01-07:00,2,8
global.js,36,js,8357c97d,Kang Lee,2026-04-17,11:40:01,-07:00,2026-04-17T11:40:01-07:00,2,58
global.js,37,js,8357c97d,Kang Lee,2026-04-17,11:40:01,-07:00,2026-04-17T11:40:01-07:00,1,0
global.js,38,js,8357c97d,Kang Lee,2026-04-17,11:40:01,-07:00,2026-04-17T11:40:01-07:00,0,0
global.js,39,js,8357c97d,Kang Lee,2026-04-17,11:40:01,-07:00,2026-04-17T11:40:01-07:00,1,29
global.js,40,js,8357c97d,Kang Lee,2026-04-17,11:40:01,-07:00,2026-04-17T11:40:01-07:00,2,18
global.js,41,js,8357c97d,Kang Lee,2026-04-17,11:40:01,-07:00,2026-04-17T11:40:01-07:00,1,0
global.js,42,js,8357c97d,Kang Lee,2026-04-17,11:40:01,-07:00,2026-04-17T11:40:01-07:00,0,0
global.js,43,js,8357c97d,Kang Lee,2026-04-17,11:40:01,-07:00,2026-04-17T11:40:01-07:00,1,12
global.js,44,js,66a8963a,Kang Lee,2026-04-17,11:50:15,-07:00,2026-04-17T11:50:15-07:00,0,0
global.js,45,js,66a8963a,Kang Lee,2026-04-17,11:50:15,-07:00,2026-04-17T11:50:15-07:00,0,0
global.js,46,js,66a8963a,Kang Lee,2026-04-17,11:50:15,-07:00,2026-04-17T11:50:15-07:00,0,46
global.js,47,js,66a8963a,Kang Lee,2026-04-17,11:50:15,-07:00,2026-04-17T11:50:15-07:00,0,31
global.js,48,js,66a8963a,Kang Lee,2026-04-17,11:50:15,-07:00,2026-04-17T11:50:15-07:00,1,11
global.js,49,js,66a8963a,Kang Lee,2026-04-17,11:50:15,-07:00,2026-04-17T11:50:15-07:00,1,0
global.js,50,js,66a8963a,Kang Lee,2026-04-17,11:50:15,-07:00,2026-04-17T11:50:15-07:00,1,26
global.js,51,js,66a8963a,Kang Lee,2026-04-17,11:50:15,-07:00,2026-04-17T11:50:15-07:00,2,4
global.js,52,js,66a8963a,Kang Lee,2026-04-17,11:50:15,-07:00,2026-04-17T11:50:15-07:00,2,6
global.js,53,js,66a8963a,Kang Lee,2026-04-17,11:50:15,-07:00,2026-04-17T11:50:15-07:00,3,43
global.js,54,js,66a8963a,Kang Lee,2026-04-17,11:50:15,-07:00,2026-04-17T11:50:15-07:00,3,34
global.js,55,js,66a8963a,Kang Lee,2026-04-17,11:50:15,-07:00,2026-04-17T11:50:15-07:00,3,32
global.js,56,js,66a8963a,Kang Lee,2026-04-17,11:50:15,-07:00,2026-04-17T11:50:15-07:00,2,7
global.js,57,js,66a8963a,Kang Lee,2026-04-17,11:50:15,-07:00,2026-04-17T11:50:15-07:00,1,6
global.js,58,js,66a8963a,Kang Lee,2026-04-17,11:50:15,-07:00,2026-04-17T11:50:15-07:00,1,0
global.js,59,js,66a8963a,Kang Lee,2026-04-17,11:50:15,-07:00,2026-04-17T11:50:15-07:00,0,0
global.js,60,js,66a8963a,Kang Lee,2026-04-17,11:50:15,-07:00,2026-04-17T11:50:15-07:00,0,0
global.js,61,js,66a8963a,Kang Lee,2026-04-17,11:50:15,-07:00,2026-04-17T11:50:15-07:00,0,64
global.js,62,js,66a8963a,Kang Lee,2026-04-17,11:50:15,-07:00,2026-04-17T11:50:15-07:00,0,58
global.js,63,js,66a8963a,Kang Lee,2026-04-17,11:50:15,-07:00,2026-04-17T11:50:15-07:00,0,0
global.js,64,js,66a8963a,Kang Lee,2026-04-17,11:50:15,-07:00,2026-04-17T11:50:15-07:00,0,55
global.js,65,js,66a8963a,Kang Lee,2026-04-17,11:50:15,-07:00,2026-04-17T11:50:15-07:00,0,36
global.js,66,js,66a8963a,Kang Lee,2026-04-17,11:50:15,-07:00,2026-04-17T11:50:15-07:00,1,70
global.js,67,js,66a8963a,Kang Lee,2026-04-17,11:50:15,-07:00,2026-04-17T11:50:15-07:00,1,25
global.js,68,js,66a8963a,Kang Lee,2026-04-17,11:50:15,-07:00,2026-04-17T11:50:15-07:00,0,0
global.js,69,js,66a8963a,Kang Lee,2026-04-17,11:50:15,-07:00,2026-04-17T11:50:15-07:00,0,0
global.js,70,js,66a8963a,Kang Lee,2026-04-17,11:50:15,-07:00,2026-04-17T11:50:15-07:00,0,24
global.js,71,js,66a8963a,Kang Lee,2026-04-17,11:50:15,-07:00,2026-04-17T11:50:15-07:00,0,49
global.js,72,js,66a8963a,Kang Lee,2026-04-17,11:50:15,-07:00,2026-04-17T11:50:15-07:00,1,57
global.js,73,js,66a8963a,Kang Lee,2026-04-17,11:50:15,-07:00,2026-04-17T11:50:15-07:00,1,33
global.js,74,js,66a8963a,Kang Lee,2026-04-17,11:50:15,-07:00,2026-04-17T11:50:15-07:00,1,0
global.js,75,js,66a8963a,Kang Lee,2026-04-17,11:50:15,-07:00,2026-04-17T11:50:15-07:00,1,32
global.js,76,js,66a8963a,Kang Lee,2026-04-17,11:50:15,-07:00,2026-04-17T11:50:15-07:00,1,44
global.js,77,js,66a8963a,Kang Lee,2026-04-17,11:50:15,-07:00,2026-04-17T11:50:15-07:00,0,1
global.js,78,js,66a8963a,Kang Lee,2026-04-17,11:50:15,-07:00,2026-04-17T11:50:15-07:00,0,0
global.js,79,js,66a8963a,Kang Lee,2026-04-17,11:50:15,-07:00,2026-04-17T11:50:15-07:00,0,55
global.js,80,js,66a8963a,Kang Lee,2026-04-17,11:50:15,-07:00,2026-04-17T11:50:15-07:00,0,34
global.js,81,js,66a8963a,Kang Lee,2026-04-17,11:50:15,-07:00,2026-04-17T11:50:15-07:00,1,39
global.js,82,js,dbeefe1e,Kang Lee,2026-04-17,11:54:46,-07:00,2026-04-17T11:54:46-07:00,0,0
global.js,83,js,dbeefe1e,Kang Lee,2026-04-17,11:54:46,-07:00,2026-04-17T11:54:46-07:00,0,0
global.js,84,js,dbeefe1e,Kang Lee,2026-04-17,11:54:46,-07:00,2026-04-17T11:54:46-07:00,0,49
global.js,85,js,dbeefe1e,Kang Lee,2026-04-17,11:54:46,-07:00,2026-04-17T11:54:46-07:00,0,40
global.js,86,js,dbeefe1e,Kang Lee,2026-04-17,11:54:46,-07:00,2026-04-17T11:54:46-07:00,0,0
global.js,87,js,dbeefe1e,Kang Lee,2026-04-17,11:54:46,-07:00,2026-04-17T11:54:46-07:00,0,80
global.js,88,js,dbeefe1e,Kang Lee,2026-04-17,11:54:46,-07:00,2026-04-17T11:54:46-07:00,0,49
global.js,89,js,dbeefe1e,Kang Lee,2026-04-17,11:54:46,-07:00,2026-04-17T11:54:46-07:00,1,59
global.js,90,js,dbeefe1e,Kang Lee,2026-04-17,11:54:46,-07:00,2026-04-17T11:54:46-07:00,1,21
global.js,91,js,dbeefe1e,Kang Lee,2026-04-17,11:54:46,-07:00,2026-04-17T11:54:46-07:00,0,0
global.js,92,js,dbeefe1e,Kang Lee,2026-04-17,11:54:46,-07:00,2026-04-17T11:54:46-07:00,1,41
global.js,93,js,dbeefe1e,Kang Lee,2026-04-17,11:54:46,-07:00,2026-04-17T11:54:46-07:00,1,28
global.js,94,js,dbeefe1e,Kang Lee,2026-04-17,11:54:46,-07:00,2026-04-17T11:54:46-07:00,0,0
global.js,95,js,dbeefe1e,Kang Lee,2026-04-17,11:54:46,-07:00,2026-04-17T11:54:46-07:00,1,84
global.js,96,js,dbeefe1e,Kang Lee,2026-04-17,11:54:46,-07:00,2026-04-17T11:54:46-07:00,1,43
global.js,97,js,dbeefe1e,Kang Lee,2026-04-17,11:54:46,-07:00,2026-04-17T11:54:46-07:00,1,26
global.js,98,js,dbeefe1e,Kang Lee,2026-04-17,11:54:46,-07:00,2026-04-17T11:54:46-07:00,0,0
global.js,99,js,dbeefe1e,Kang Lee,2026-04-17,11:54:46,-07:00,2026-04-17T11:54:46-07:00,1,47
global.js,100,js,dbeefe1e,Kang Lee,2026-04-17,11:54:46,-07:00,2026-04-17T11:54:46-07:00,1,31
global.js,101,js,dbeefe1e,Kang Lee,2026-04-17,11:54:46,-07:00,2026-04-17T11:54:46-07:00,2,80
global.js,102,js,dbeefe1e,Kang Lee,2026-04-17,11:54:46,-07:00,2026-04-17T11:54:46-07:00,2,45
global.js,103,js,dbeefe1e,Kang Lee,2026-04-17,11:54:46,-07:00,2026-04-17T11:54:46-07:00,2,0
global.js,104,js,dbeefe1e,Kang Lee,2026-04-17,11:54:46,-07:00,2026-04-17T11:54:46-07:00,2,38
global.js,105,js,dbeefe1e,Kang Lee,2026-04-17,11:54:46,-07:00,2026-04-17T11:54:46-07:00,2,57
global.js,106,js,dbeefe1e,Kang Lee,2026-04-17,11:54:46,-07:00,2026-04-17T11:54:46-07:00,2,78
global.js,107,js,dbeefe1e,Kang Lee,2026-04-17,11:54:46,-07:00,2026-04-17T11:54:46-07:00,1,0
global.js,108,js,dbeefe1e,Kang Lee,2026-04-17,11:54:46,-07:00,2026-04-17T11:54:46-07:00,0,0
global.js,109,js,dbeefe1e,Kang Lee,2026-04-17,11:54:46,-07:00,2026-04-17T11:54:46-07:00,1,59
global.js,110,js,dbeefe1e,Kang Lee,2026-04-17,11:54:46,-07:00,2026-04-17T11:54:46-07:00,1,62
global.js,111,js,dbeefe1e,Kang Lee,2026-04-17,11:54:46,-07:00,2026-04-17T11:54:46-07:00,1,21
global.js,112,js,dbeefe1e,Kang Lee,2026-04-17,11:54:46,-07:00,2026-04-17T11:54:46-07:00,0,0
global.js,113,js,dbeefe1e,Kang Lee,2026-04-17,11:54:46,-07:00,2026-04-17T11:54:46-07:00,1,57
global.js,114,js,dbeefe1e,Kang Lee,2026-04-17,11:54:46,-07:00,2026-04-17T11:54:46-07:00,1,18
global.js,115,js,f15d968e,Kang Lee,2026-04-23,11:57:17,-07:00,2026-04-23T11:57:17-07:00,0,1
global.js,116,js,f15d968e,Kang Lee,2026-04-23,11:57:17,-07:00,2026-04-23T11:57:17-07:00,0,0
global.js,117,js,f15d968e,Kang Lee,2026-04-23,11:57:17,-07:00,2026-04-23T11:57:17-07:00,0,34
global.js,118,js,f15d968e,Kang Lee,2026-04-23,11:57:17,-07:00,2026-04-23T11:57:17-07:00,0,36
global.js,119,js,f15d968e,Kang Lee,2026-04-23,11:57:17,-07:00,2026-04-23T11:57:17-07:00,1,3
global.js,120,js,f15d968e,Kang Lee,2026-04-23,11:57:17,-07:00,2026-04-23T11:57:17-07:00,2,39
global.js,121,js,f15d968e,Kang Lee,2026-04-23,11:57:17,-07:00,2026-04-23T11:57:17-07:00,2,32
global.js,122,js,f15d968e,Kang Lee,2026-04-23,11:57:17,-07:00,2026-04-23T11:57:17-07:00,2,0
global.js,123,js,f15d968e,Kang Lee,2026-04-23,11:57:17,-07:00,2026-04-23T11:57:17-07:00,2,83
global.js,124,js,f15d968e,Kang Lee,2026-04-23,11:57:17,-07:00,2026-04-23T11:57:17-07:00,2,20
global.js,125,js,f15d968e,Kang Lee,2026-04-23,11:57:17,-07:00,2026-04-23T11:57:17-07:00,0,0
global.js,126,js,f15d968e,Kang Lee,2026-04-23,11:57:17,-07:00,2026-04-23T11:57:17-07:00,2,36
global.js,127,js,f15d968e,Kang Lee,2026-04-23,11:57:17,-07:00,2026-04-23T11:57:17-07:00,2,17
global.js,128,js,f15d968e,Kang Lee,2026-04-23,11:57:17,-07:00,2026-04-23T11:57:17-07:00,3,66
global.js,129,js,f15d968e,Kang Lee,2026-04-23,11:57:17,-07:00,2026-04-23T11:57:17-07:00,2,0
global.js,130,js,f15d968e,Kang Lee,2026-04-23,11:57:17,-07:00,2026-04-23T11:57:17-07:00,0,0
global.js,131,js,f15d968e,Kang Lee,2026-04-23,11:57:17,-07:00,2026-04-23T11:57:17-07:00,2,38
global.js,132,js,f15d968e,Kang Lee,2026-04-23,11:57:17,-07:00,2026-04-23T11:57:17-07:00,2,33
global.js,133,js,f15d968e,Kang Lee,2026-04-23,11:57:17,-07:00,2026-04-23T11:57:17-07:00,2,10
global.js,134,js,f15d968e,Kang Lee,2026-04-23,11:57:17,-07:00,2026-04-23T11:57:17-07:00,0,0
global.js,135,js,f15d968e,Kang Lee,2026-04-23,11:57:17,-07:00,2026-04-23T11:57:17-07:00,1,15
global.js,136,js,f15d968e,Kang Lee,2026-04-23,11:57:17,-07:00,2026-04-23T11:57:17-07:00,2,59
global.js,137,js,f15d968e,Kang Lee,2026-04-23,11:57:17,-07:00,2026-04-23T11:57:17-07:00,1,0
global.js,138,js,f15d968e,Kang Lee,2026-04-23,11:57:17,-07:00,2026-04-23T11:57:17-07:00,0,0
global.js,139,js,f15d968e,Kang Lee,2026-04-23,11:57:17,-07:00,2026-04-23T11:57:17-07:00,0,0
global.js,140,js,f15d968e,Kang Lee,2026-04-23,11:57:17,-07:00,2026-04-23T11:57:17-07:00,0,34
global.js,141,js,f15d968e,Kang Lee,2026-04-23,11:57:17,-07:00,2026-04-23T11:57:17-07:00,0,79
global.js,142,js,f15d968e,Kang Lee,2026-04-23,11:57:17,-07:00,2026-04-23T11:57:17-07:00,1,19
global.js,143,js,f15d968e,Kang Lee,2026-04-23,11:57:17,-07:00,2026-04-23T11:57:17-07:00,1,22
global.js,144,js,f15d968e,Kang Lee,2026-04-23,11:57:17,-07:00,2026-04-23T11:57:17-07:00,2,69
global.js,145,js,f15d968e,Kang Lee,2026-04-23,11:57:17,-07:00,2026-04-23T11:57:17-07:00,2,5
global.js,146,js,f15d968e,Kang Lee,2026-04-23,11:57:17,-07:00,2026-04-23T11:57:17-07:00,1,0
global.js,147,js,f15d968e,Kang Lee,2026-04-23,11:57:17,-07:00,2026-04-23T11:57:17-07:00,0,0
global.js,148,js,f15d968e,Kang Lee,2026-04-23,11:57:17,-07:00,2026-04-23T11:57:17-07:00,1,51
global.js,149,js,f15d968e,Kang Lee,2026-04-23,11:57:17,-07:00,2026-04-23T11:57:17-07:00,1,57
global.js,150,js,f15d968e,Kang Lee,2026-04-23,11:57:17,-07:00,2026-04-23T11:57:17-07:00,1,67
global.js,151,js,f15d968e,Kang Lee,2026-04-23,11:57:17,-07:00,2026-04-23T11:57:17-07:00,0,0
global.js,152,js,f15d968e,Kang Lee,2026-04-23,11:57:17,-07:00,2026-04-23T11:57:17-07:00,1,45
global.js,153,js,f15d968e,Kang Lee,2026-04-23,11:57:17,-07:00,2026-04-23T11:57:17-07:00,1,30
global.js,154,js,f15d968e,Kang Lee,2026-04-23,11:57:17,-07:00,2026-04-23T11:57:17-07:00,0,0
global.js,155,js,f15d968e,Kang Lee,2026-04-23,11:57:17,-07:00,2026-04-23T11:57:17-07:00,1,32
global.js,156,js,f15d968e,Kang Lee,2026-04-23,11:57:17,-07:00,2026-04-23T11:57:17-07:00,1,29
global.js,157,js,f15d968e,Kang Lee,2026-04-23,11:57:17,-07:00,2026-04-23T11:57:17-07:00,2,48
global.js,158,js,f15d968e,Kang Lee,2026-04-23,11:57:17,-07:00,2026-04-23T11:57:17-07:00,2,0
global.js,159,js,f15d968e,Kang Lee,2026-04-23,11:57:17,-07:00,2026-04-23T11:57:17-07:00,2,56
global.js,160,js,f15d968e,Kang Lee,2026-04-23,11:57:17,-07:00,2026-04-23T11:57:17-07:00,2,48
global.js,161,js,f15d968e,Kang Lee,2026-04-23,11:57:17,-07:00,2026-04-23T11:57:17-07:00,2,85
global.js,162,js,f15d968e,Kang Lee,2026-04-23,11:57:17,-07:00,2026-04-23T11:57:17-07:00,2,62
global.js,163,js,f15d968e,Kang Lee,2026-04-23,11:57:17,-07:00,2026-04-23T11:57:17-07:00,2,33
global.js,164,js,f15d968e,Kang Lee,2026-04-23,11:57:17,-07:00,2026-04-23T11:57:17-07:00,0,0
global.js,165,js,f15d968e,Kang Lee,2026-04-23,11:57:17,-07:00,2026-04-23T11:57:17-07:00,2,19
global.js,166,js,f15d968e,Kang Lee,2026-04-23,11:57:17,-07:00,2026-04-23T11:57:17-07:00,3,19
global.js,167,js,f15d968e,Kang Lee,2026-04-23,11:57:17,-07:00,2026-04-23T11:57:17-07:00,3,33
global.js,168,js,f15d968e,Kang Lee,2026-04-23,11:57:17,-07:00,2026-04-23T11:57:17-07:00,3,12
global.js,169,js,f15d968e,Kang Lee,2026-04-23,11:57:17,-07:00,2026-04-23T11:57:17-07:00,3,88
global.js,170,js,f15d968e,Kang Lee,2026-04-23,11:57:17,-07:00,2026-04-23T11:57:17-07:00,2,0
global.js,171,js,f15d968e,Kang Lee,2026-04-23,11:57:17,-07:00,2026-04-23T11:57:17-07:00,2,0
global.js,172,js,f15d968e,Kang Lee,2026-04-23,11:57:17,-07:00,2026-04-23T11:57:17-07:00,2,36
global.js,173,js,f15d968e,Kang Lee,2026-04-23,11:57:17,-07:00,2026-04-23T11:57:17-07:00,1,0
global.js,174,js,f15d968e,Kang Lee,2026-04-23,11:57:17,-07:00,2026-04-23T11:57:17-07:00,0,0
global.js,175,js,f15d968e,Kang Lee,2026-04-23,11:57:17,-07:00,2026-04-23T11:57:17-07:00,0,0
global.js,176,js,f15d968e,Kang Lee,2026-04-23,11:57:17,-07:00,2026-04-23T11:57:17-07:00,0,36
global.js,177,js,f15d968e,Kang Lee,2026-04-23,11:57:17,-07:00,2026-04-23T11:57:17-07:00,0,47
global.js,178,js,f15d968e,Kang Lee,2026-04-23,11:57:17,-07:00,2026-04-23T11:57:17-07:00,1,59
global.js,179,js,f15d968e,Kang Lee,2026-04-23,11:57:17,-07:00,2026-04-23T11:57:17-07:00,0,0
resume/index.html,1,html,81a5f40d,Kang Lee,2026-04-03,14:14:36,-07:00,2026-04-03T14:14:36-07:00,0,13
resume/index.html,2,html,81a5f40d,Kang Lee,2026-04-03,14:14:36,-07:00,2026-04-03T14:14:36-07:00,0,14
resume/index.html,3,html,81a5f40d,Kang Lee,2026-04-03,14:14:36,-07:00,2026-04-03T14:14:36-07:00,0,4
resume/index.html,4,html,81a5f40d,Kang Lee,2026-04-03,14:14:36,-07:00,2026-04-03T14:14:36-07:00,2,20
resume/index.html,5,html,81a5f40d,Kang Lee,2026-04-03,14:14:36,-07:00,2026-04-03T14:14:36-07:00,2,68
resume/index.html,6,html,81a5f40d,Kang Lee,2026-04-03,14:14:36,-07:00,2026-04-03T14:14:36-07:00,2,37
resume/index.html,7,html,81a5f40d,Kang Lee,2026-04-03,14:14:36,-07:00,2026-04-03T14:14:36-07:00,2,41
resume/index.html,8,html,a47d45ee,Kang Lee,2026-04-16,16:04:21,-07:00,2026-04-16T16:04:21-07:00,0,0
resume/index.html,9,html,a47d45ee,Kang Lee,2026-04-16,16:04:21,-07:00,2026-04-16T16:04:21-07:00,2,48
resume/index.html,10,html,81a5f40d,Kang Lee,2026-04-03,14:14:36,-07:00,2026-04-03T14:14:36-07:00,0,5
resume/index.html,11,html,81a5f40d,Kang Lee,2026-04-03,14:14:36,-07:00,2026-04-03T14:14:36-07:00,0,4
resume/index.html,12,html,81a5f40d,Kang Lee,2026-04-03,14:14:36,-07:00,2026-04-03T14:14:36-07:00,0,0
resume/index.html,13,html,81a5f40d,Kang Lee,2026-04-03,14:14:36,-07:00,2026-04-03T14:14:36-07:00,2,13
resume/index.html,14,html,81a5f40d,Kang Lee,2026-04-03,14:14:36,-07:00,2026-04-03T14:14:36-07:00,0,0
resume/index.html,15,html,81a5f40d,Kang Lee,2026-04-03,14:14:36,-07:00,2026-04-03T14:14:36-07:00,2,7
resume/index.html,16,html,81a5f40d,Kang Lee,2026-04-03,14:14:36,-07:00,2026-04-03T14:14:36-07:00,4,16
resume/index.html,17,html,81a5f40d,Kang Lee,2026-04-03,14:14:36,-07:00,2026-04-03T14:14:36-07:00,4,7
resume/index.html,18,html,81a5f40d,Kang Lee,2026-04-03,14:14:36,-07:00,2026-04-03T14:14:36-07:00,6,6
resume/index.html,19,html,81a5f40d,Kang Lee,2026-04-03,14:14:36,-07:00,2026-04-03T14:14:36-07:00,8,42
resume/index.html,20,html,a5fb2a31,Kang Lee,2026-04-10,13:15:32,-07:00,2026-04-10T13:15:32-07:00,8,108
resume/index.html,21,html,81a5f40d,Kang Lee,2026-04-03,14:14:36,-07:00,2026-04-03T14:14:36-07:00,6,7
resume/index.html,22,html,81a5f40d,Kang Lee,2026-04-03,14:14:36,-07:00,2026-04-03T14:14:36-07:00,6,75
resume/index.html,23,html,81a5f40d,Kang Lee,2026-04-03,14:14:36,-07:00,2026-04-03T14:14:36-07:00,4,8
resume/index.html,24,html,81a5f40d,Kang Lee,2026-04-03,14:14:36,-07:00,2026-04-03T14:14:36-07:00,2,8
resume/index.html,25,html,81a5f40d,Kang Lee,2026-04-03,14:14:36,-07:00,2026-04-03T14:14:36-07:00,0,0
resume/index.html,26,html,81a5f40d,Kang Lee,2026-04-03,14:14:36,-07:00,2026-04-03T14:14:36-07:00,2,7
resume/index.html,27,html,81a5f40d,Kang Lee,2026-04-03,14:14:36,-07:00,2026-04-03T14:14:36-07:00,4,17
resume/index.html,28,html,81a5f40d,Kang Lee,2026-04-03,14:14:36,-07:00,2026-04-03T14:14:36-07:00,4,7
resume/index.html,29,html,81a5f40d,Kang Lee,2026-04-03,14:14:36,-07:00,2026-04-03T14:14:36-07:00,6,6
resume/index.html,30,html,81a5f40d,Kang Lee,2026-04-03,14:14:36,-07:00,2026-04-03T14:14:36-07:00,8,28
resume/index.html,31,html,a5fb2a31,Kang Lee,2026-04-10,13:15:32,-07:00,2026-04-10T13:15:32-07:00,8,106
resume/index.html,32,html,81a5f40d,Kang Lee,2026-04-03,14:14:36,-07:00,2026-04-03T14:14:36-07:00,6,7
resume/index.html,33,html,81a5f40d,Kang Lee,2026-04-03,14:14:36,-07:00,2026-04-03T14:14:36-07:00,6,2
resume/index.html,34,html,81a5f40d,Kang Lee,2026-04-03,14:14:36,-07:00,2026-04-03T14:14:36-07:00,8,67
resume/index.html,35,html,81a5f40d,Kang Lee,2026-04-03,14:14:36,-07:00,2026-04-03T14:14:36-07:00,8,63
resume/index.html,36,html,81a5f40d,Kang Lee,2026-04-03,14:14:36,-07:00,2026-04-03T14:14:36-07:00,6,3
resume/index.html,37,html,81a5f40d,Kang Lee,2026-04-03,14:14:36,-07:00,2026-04-03T14:14:36-07:00,4,8
resume/index.html,38,html,81a5f40d,Kang Lee,2026-04-03,14:14:36,-07:00,2026-04-03T14:14:36-07:00,0,0
resume/index.html,39,html,81a5f40d,Kang Lee,2026-04-03,14:14:36,-07:00,2026-04-03T14:14:36-07:00,4,7
resume/index.html,40,html,81a5f40d,Kang Lee,2026-04-03,14:14:36,-07:00,2026-04-03T14:14:36-07:00,6,6
resume/index.html,41,html,81a5f40d,Kang Lee,2026-04-03,14:14:36,-07:00,2026-04-03T14:14:36-07:00,8,22
resume/index.html,42,html,a5fb2a31,Kang Lee,2026-04-10,13:15:32,-07:00,2026-04-10T13:15:32-07:00,8,119
resume/index.html,43,html,81a5f40d,Kang Lee,2026-04-03,14:14:36,-07:00,2026-04-03T14:14:36-07:00,6,7
resume/index.html,44,html,a5fb2a31,Kang Lee,2026-04-10,13:15:32,-07:00,2026-04-10T13:15:32-07:00,6,2
resume/index.html,45,html,a5fb2a31,Kang Lee,2026-04-10,13:15:32,-07:00,2026-04-10T13:15:32-07:00,8,73
resume/index.html,46,html,a5fb2a31,Kang Lee,2026-04-10,13:15:32,-07:00,2026-04-10T13:15:32-07:00,6,3
resume/index.html,47,html,81a5f40d,Kang Lee,2026-04-03,14:14:36,-07:00,2026-04-03T14:14:36-07:00,4,8
resume/index.html,48,html,81a5f40d,Kang Lee,2026-04-03,14:14:36,-07:00,2026-04-03T14:14:36-07:00,2,8
resume/index.html,49,html,81a5f40d,Kang Lee,2026-04-03,14:14:36,-07:00,2026-04-03T14:14:36-07:00,0,0
resume/index.html,50,html,81a5f40d,Kang Lee,2026-04-03,14:14:36,-07:00,2026-04-03T14:14:36-07:00,2,7
resume/index.html,51,html,81a5f40d,Kang Lee,2026-04-03,14:14:36,-07:00,2026-04-03T14:14:36-07:00,4,13
resume/index.html,52,html,81a5f40d,Kang Lee,2026-04-03,14:14:36,-07:00,2026-04-03T14:14:36-07:00,4,2
resume/index.html,53,html,81a5f40d,Kang Lee,2026-04-03,14:14:36,-07:00,2026-04-03T14:14:36-07:00,6,59
resume/index.html,54,html,81a5f40d,Kang Lee,2026-04-03,14:14:36,-07:00,2026-04-03T14:14:36-07:00,6,62
resume/index.html,55,html,81a5f40d,Kang Lee,2026-04-03,14:14:36,-07:00,2026-04-03T14:14:36-07:00,6,82
resume/index.html,56,html,81a5f40d,Kang Lee,2026-04-03,14:14:36,-07:00,2026-04-03T14:14:36-07:00,4,3
resume/index.html,57,html,81a5f40d,Kang Lee,2026-04-03,14:14:36,-07:00,2026-04-03T14:14:36-07:00,2,8
resume/index.html,58,html,81a5f40d,Kang Lee,2026-04-03,14:14:36,-07:00,2026-04-03T14:14:36-07:00,0,5
resume/index.html,59,html,81a5f40d,Kang Lee,2026-04-03,14:14:36,-07:00,2026-04-03T14:14:36-07:00,0,5
projects/projects.js,1,js,f15d968e,Kang Lee,2026-04-23,11:57:17,-07:00,2026-04-23T11:57:17-07:00,0,55
projects/projects.js,2,js,6f629df8,Kang Lee,2026-04-30,11:52:46,-07:00,2026-04-30T11:52:46-07:00,0,63
projects/projects.js,3,js,f15d968e,Kang Lee,2026-04-23,11:57:17,-07:00,2026-04-23T11:57:17-07:00,0,0
projects/projects.js,4,js,6f629df8,Kang Lee,2026-04-30,11:52:46,-07:00,2026-04-30T11:52:46-07:00,0,29
projects/projects.js,5,js,f15d968e,Kang Lee,2026-04-23,11:57:17,-07:00,2026-04-23T11:57:17-07:00,0,55
projects/projects.js,6,js,f15d968e,Kang Lee,2026-04-23,11:57:17,-07:00,2026-04-23T11:57:17-07:00,0,60
projects/projects.js,7,js,f15d968e,Kang Lee,2026-04-23,11:57:17,-07:00,2026-04-23T11:57:17-07:00,0,62
projects/projects.js,8,js,6f629df8,Kang Lee,2026-04-30,11:52:46,-07:00,2026-04-30T11:52:46-07:00,0,0
projects/projects.js,9,js,f15d968e,Kang Lee,2026-04-23,11:57:17,-07:00,2026-04-23T11:57:17-07:00,0,30
projects/projects.js,10,js,f15d968e,Kang Lee,2026-04-23,11:57:17,-07:00,2026-04-23T11:57:17-07:00,1,56
projects/projects.js,11,js,f15d968e,Kang Lee,2026-04-23,11:57:17,-07:00,2026-04-23T11:57:17-07:00,0,0
projects/projects.js,12,js,f15d968e,Kang Lee,2026-04-23,11:57:17,-07:00,2026-04-23T11:57:17-07:00,0,0
projects/projects.js,13,js,6f629df8,Kang Lee,2026-04-30,11:52:46,-07:00,2026-04-30T11:52:46-07:00,0,27
projects/projects.js,14,js,6f629df8,Kang Lee,2026-04-30,11:52:46,-07:00,2026-04-30T11:52:46-07:00,0,57
projects/projects.js,15,js,6f629df8,Kang Lee,2026-04-30,11:52:46,-07:00,2026-04-30T11:52:46-07:00,0,47
projects/projects.js,16,js,6f629df8,Kang Lee,2026-04-30,11:52:46,-07:00,2026-04-30T11:52:46-07:00,0,0
projects/projects.js,17,js,6f629df8,Kang Lee,2026-04-30,11:52:46,-07:00,2026-04-30T11:52:46-07:00,0,43
projects/projects.js,18,js,6f629df8,Kang Lee,2026-04-30,11:52:46,-07:00,2026-04-30T11:52:46-07:00,0,50
projects/projects.js,19,js,6f629df8,Kang Lee,2026-04-30,11:52:46,-07:00,2026-04-30T11:52:46-07:00,0,43
projects/projects.js,20,js,6f629df8,Kang Lee,2026-04-30,11:52:46,-07:00,2026-04-30T11:52:46-07:00,0,52
projects/projects.js,21,js,6f629df8,Kang Lee,2026-04-30,11:52:46,-07:00,2026-04-30T11:52:46-07:00,0,13
projects/projects.js,22,js,6f629df8,Kang Lee,2026-04-30,11:52:46,-07:00,2026-04-30T11:52:46-07:00,0,20
projects/projects.js,23,js,6f629df8,Kang Lee,2026-04-30,11:52:46,-07:00,2026-04-30T11:52:46-07:00,0,0
projects/projects.js,24,js,6f629df8,Kang Lee,2026-04-30,11:52:46,-07:00,2026-04-30T11:52:46-07:00,0,49
projects/projects.js,25,js,6f629df8,Kang Lee,2026-04-30,11:52:46,-07:00,2026-04-30T11:52:46-07:00,0,21
projects/projects.js,26,js,6f629df8,Kang Lee,2026-04-30,11:52:46,-07:00,2026-04-30T11:52:46-07:00,1,79
projects/projects.js,27,js,6f629df8,Kang Lee,2026-04-30,11:52:46,-07:00,2026-04-30T11:52:46-07:00,1,51
projects/projects.js,28,js,6f629df8,Kang Lee,2026-04-30,11:52:46,-07:00,2026-04-30T11:52:46-07:00,2,81
projects/projects.js,29,js,6f629df8,Kang Lee,2026-04-30,11:52:46,-07:00,2026-04-30T11:52:46-07:00,2,68
projects/projects.js,30,js,6f629df8,Kang Lee,2026-04-30,11:52:46,-07:00,2026-04-30T11:52:46-07:00,2,33
projects/projects.js,31,js,6f629df8,Kang Lee,2026-04-30,11:52:46,-07:00,2026-04-30T11:52:46-07:00,1,1
projects/projects.js,32,js,6f629df8,Kang Lee,2026-04-30,11:52:46,-07:00,2026-04-30T11:52:46-07:00,0,0
projects/projects.js,33,js,6f629df8,Kang Lee,2026-04-30,11:52:46,-07:00,2026-04-30T11:52:46-07:00,1,98
projects/projects.js,34,js,6f629df8,Kang Lee,2026-04-30,11:52:46,-07:00,2026-04-30T11:52:46-07:00,1,49
projects/projects.js,35,js,6f629df8,Kang Lee,2026-04-30,11:52:46,-07:00,2026-04-30T11:52:46-07:00,2,81
projects/projects.js,36,js,6f629df8,Kang Lee,2026-04-30,11:52:46,-07:00,2026-04-30T11:52:46-07:00,2,18
projects/projects.js,37,js,6f629df8,Kang Lee,2026-04-30,11:52:46,-07:00,2026-04-30T11:52:46-07:00,1,1
projects/projects.js,38,js,6f629df8,Kang Lee,2026-04-30,11:52:46,-07:00,2026-04-30T11:52:46-07:00,0,0
projects/projects.js,39,js,6f629df8,Kang Lee,2026-04-30,11:52:46,-07:00,2026-04-30T11:52:46-07:00,1,47
projects/projects.js,40,js,6f629df8,Kang Lee,2026-04-30,11:52:46,-07:00,2026-04-30T11:52:46-07:00,1,22
projects/projects.js,41,js,6f629df8,Kang Lee,2026-04-30,11:52:46,-07:00,2026-04-30T11:52:46-07:00,2,56
projects/projects.js,42,js,6f629df8,Kang Lee,2026-04-30,11:52:46,-07:00,2026-04-30T11:52:46-07:00,1,0
projects/projects.js,43,js,6f629df8,Kang Lee,2026-04-30,11:52:46,-07:00,2026-04-30T11:52:46-07:00,1,29
projects/projects.js,44,js,6f629df8,Kang Lee,2026-04-30,11:52:46,-07:00,2026-04-30T11:52:46-07:00,0,0
projects/projects.js,45,js,6f629df8,Kang Lee,2026-04-30,11:52:46,-07:00,2026-04-30T11:52:46-07:00,0,43
projects/projects.js,46,js,6f629df8,Kang Lee,2026-04-30,11:52:46,-07:00,2026-04-30T11:52:46-07:00,0,0
projects/projects.js,47,js,6f629df8,Kang Lee,2026-04-30,11:52:46,-07:00,2026-04-30T11:52:46-07:00,0,0
projects/projects.js,48,js,6f629df8,Kang Lee,2026-04-30,11:52:46,-07:00,2026-04-30T11:52:46-07:00,0,28
projects/projects.js,49,js,6f629df8,Kang Lee,2026-04-30,11:52:46,-07:00,2026-04-30T11:52:46-07:00,0,38
projects/projects.js,50,js,6f629df8,Kang Lee,2026-04-30,11:52:46,-07:00,2026-04-30T11:52:46-07:00,1,40
projects/projects.js,51,js,6f629df8,Kang Lee,2026-04-30,11:52:46,-07:00,2026-04-30T11:52:46-07:00,1,29
projects/projects.js,52,js,6f629df8,Kang Lee,2026-04-30,11:52:46,-07:00,2026-04-30T11:52:46-07:00,0,0
projects/projects.js,53,js,6f629df8,Kang Lee,2026-04-30,11:52:46,-07:00,2026-04-30T11:52:46-07:00,1,32
projects/projects.js,54,js,6f629df8,Kang Lee,2026-04-30,11:52:46,-07:00,2026-04-30T11:52:46-07:00,1,30
projects/projects.js,55,js,6f629df8,Kang Lee,2026-04-30,11:52:46,-07:00,2026-04-30T11:52:46-07:00,0,0
projects/projects.js,56,js,6f629df8,Kang Lee,2026-04-30,11:52:46,-07:00,2026-04-30T11:52:46-07:00,1,29
projects/projects.js,57,js,6f629df8,Kang Lee,2026-04-30,11:52:46,-07:00,2026-04-30T11:52:46-07:00,2,12
projects/projects.js,58,js,6f629df8,Kang Lee,2026-04-30,11:52:46,-07:00,2026-04-30T11:52:46-07:00,2,14
projects/projects.js,59,js,6f629df8,Kang Lee,2026-04-30,11:52:46,-07:00,2026-04-30T11:52:46-07:00,2,11
projects/projects.js,60,js,6f629df8,Kang Lee,2026-04-30,11:52:46,-07:00,2026-04-30T11:52:46-07:00,1,0
projects/projects.js,61,js,6f629df8,Kang Lee,2026-04-30,11:52:46,-07:00,2026-04-30T11:52:46-07:00,0,0
projects/projects.js,62,js,6f629df8,Kang Lee,2026-04-30,11:52:46,-07:00,2026-04-30T11:52:46-07:00,1,50
projects/projects.js,63,js,6f629df8,Kang Lee,2026-04-30,11:52:46,-07:00,2026-04-30T11:52:46-07:00,2,35
projects/projects.js,64,js,6f629df8,Kang Lee,2026-04-30,11:52:46,-07:00,2026-04-30T11:52:46-07:00,1,1
projects/projects.js,65,js,6f629df8,Kang Lee,2026-04-30,11:52:46,-07:00,2026-04-30T11:52:46-07:00,0,0
projects/projects.js,66,js,6f629df8,Kang Lee,2026-04-30,11:52:46,-07:00,2026-04-30T11:52:46-07:00,1,53
projects/projects.js,67,js,6f629df8,Kang Lee,2026-04-30,11:52:46,-07:00,2026-04-30T11:52:46-07:00,1,42
projects/projects.js,68,js,6f629df8,Kang Lee,2026-04-30,11:52:46,-07:00,2026-04-30T11:52:46-07:00,1,51
projects/projects.js,69,js,6f629df8,Kang Lee,2026-04-30,11:52:46,-07:00,2026-04-30T11:52:46-07:00,0,0
projects/projects.js,70,js,6f629df8,Kang Lee,2026-04-30,11:52:46,-07:00,2026-04-30T11:52:46-07:00,1,82
projects/projects.js,71,js,6f629df8,Kang Lee,2026-04-30,11:52:46,-07:00,2026-04-30T11:52:46-07:00,1,69
projects/projects.js,72,js,6f629df8,Kang Lee,2026-04-30,11:52:46,-07:00,2026-04-30T11:52:46-07:00,0,0
projects/projects.js,73,js,6f629df8,Kang Lee,2026-04-30,11:52:46,-07:00,2026-04-30T11:52:46-07:00,1,27
projects/projects.js,74,js,6f629df8,Kang Lee,2026-04-30,11:52:46,-07:00,2026-04-30T11:52:46-07:00,2,16
projects/projects.js,75,js,6f629df8,Kang Lee,2026-04-30,11:52:46,-07:00,2026-04-30T11:52:46-07:00,3,13
projects/projects.js,76,js,6f629df8,Kang Lee,2026-04-30,11:52:46,-07:00,2026-04-30T11:52:46-07:00,3,22
projects/projects.js,77,js,6f629df8,Kang Lee,2026-04-30,11:52:46,-07:00,2026-04-30T11:52:46-07:00,3,56
projects/projects.js,78,js,6f629df8,Kang Lee,2026-04-30,11:52:46,-07:00,2026-04-30T11:52:46-07:00,3,51
projects/projects.js,79,js,6f629df8,Kang Lee,2026-04-30,11:52:46,-07:00,2026-04-30T11:52:46-07:00,3,18
projects/projects.js,80,js,6f629df8,Kang Lee,2026-04-30,11:52:46,-07:00,2026-04-30T11:52:46-07:00,4,33
projects/projects.js,81,js,6f629df8,Kang Lee,2026-04-30,11:52:46,-07:00,2026-04-30T11:52:46-07:00,4,71
projects/projects.js,82,js,6f629df8,Kang Lee,2026-04-30,11:52:46,-07:00,2026-04-30T11:52:46-07:00,4,32
projects/projects.js,83,js,6f629df8,Kang Lee,2026-04-30,11:52:46,-07:00,2026-04-30T11:52:46-07:00,4,11
projects/projects.js,84,js,6f629df8,Kang Lee,2026-04-30,11:52:46,-07:00,2026-04-30T11:52:46-07:00,3,1
projects/projects.js,85,js,6f629df8,Kang Lee,2026-04-30,11:52:46,-07:00,2026-04-30T11:52:46-07:00,1,1
projects/projects.js,86,js,6f629df8,Kang Lee,2026-04-30,11:52:46,-07:00,2026-04-30T11:52:46-07:00,0,0
projects/projects.js,87,js,6f629df8,Kang Lee,2026-04-30,11:52:46,-07:00,2026-04-30T11:52:46-07:00,1,27
projects/projects.js,88,js,6f629df8,Kang Lee,2026-04-30,11:52:46,-07:00,2026-04-30T11:52:46-07:00,2,17
projects/projects.js,89,js,6f629df8,Kang Lee,2026-04-30,11:52:46,-07:00,2026-04-30T11:52:46-07:00,3,38
projects/projects.js,90,js,6f629df8,Kang Lee,2026-04-30,11:52:46,-07:00,2026-04-30T11:52:46-07:00,3,53
projects/projects.js,91,js,6f629df8,Kang Lee,2026-04-30,11:52:46,-07:00,2026-04-30T11:52:46-07:00,3,76
projects/projects.js,92,js,6f629df8,Kang Lee,2026-04-30,11:52:46,-07:00,2026-04-30T11:52:46-07:00,3,69
projects/projects.js,93,js,6f629df8,Kang Lee,2026-04-30,11:52:46,-07:00,2026-04-30T11:52:46-07:00,1,1
projects/projects.js,94,js,6f629df8,Kang Lee,2026-04-30,11:52:46,-07:00,2026-04-30T11:52:46-07:00,0,0
projects/projects.js,95,js,6f629df8,Kang Lee,2026-04-30,11:52:46,-07:00,2026-04-30T11:52:46-07:00,0,0
projects/projects.js,96,js,6f629df8,Kang Lee,2026-04-30,11:52:46,-07:00,2026-04-30T11:52:46-07:00,0,31
projects/projects.js,97,js,6f629df8,Kang Lee,2026-04-30,11:52:46,-07:00,2026-04-30T11:52:46-07:00,0,53
projects/projects.js,98,js,6f629df8,Kang Lee,2026-04-30,11:52:46,-07:00,2026-04-30T11:52:46-07:00,0,0
projects/projects.js,99,js,6f629df8,Kang Lee,2026-04-30,11:52:46,-07:00,2026-04-30T11:52:46-07:00,0,16
projects/projects.js,100,js,6f629df8,Kang Lee,2026-04-30,11:52:46,-07:00,2026-04-30T11:52:46-07:00,1,48
projects/projects.js,101,js,6f629df8,Kang Lee,2026-04-30,11:52:46,-07:00,2026-04-30T11:52:46-07:00,2,30
projects/projects.js,102,js,6f629df8,Kang Lee,2026-04-30,11:52:46,-07:00,2026-04-30T11:52:46-07:00,2,39
projects/projects.js,103,js,6f629df8,Kang Lee,2026-04-30,11:52:46,-07:00,2026-04-30T11:52:46-07:00,2,32
projects/projects.js,104,js,6f629df8,Kang Lee,2026-04-30,11:52:46,-07:00,2026-04-30T11:52:46-07:00,2,11
projects/projects.js,105,js,6f629df8,Kang Lee,2026-04-30,11:52:46,-07:00,2026-04-30T11:52:46-07:00,1,1
projects/projects.js,106,js,6f629df8,Kang Lee,2026-04-30,11:52:46,-07:00,2026-04-30T11:52:46-07:00,0,0
projects/projects.js,107,js,6f629df8,Kang Lee,2026-04-30,11:52:46,-07:00,2026-04-30T11:52:46-07:00,0,0
projects/projects.js,108,js,6f629df8,Kang Lee,2026-04-30,11:52:46,-07:00,2026-04-30T11:52:46-07:00,0,26
projects/projects.js,109,js,6f629df8,Kang Lee,2026-04-30,11:52:46,-07:00,2026-04-30T11:52:46-07:00,0,67
projects/projects.js,110,js,6f629df8,Kang Lee,2026-04-30,11:52:46,-07:00,2026-04-30T11:52:46-07:00,0,11
projects/index.html,1,html,81a5f40d,Kang Lee,2026-04-03,14:14:36,-07:00,2026-04-03T14:14:36-07:00,0,13
projects/index.html,2,html,81a5f40d,Kang Lee,2026-04-03,14:14:36,-07:00,2026-04-03T14:14:36-07:00,0,14
projects/index.html,3,html,81a5f40d,Kang Lee,2026-04-03,14:14:36,-07:00,2026-04-03T14:14:36-07:00,0,4
projects/index.html,4,html,81a5f40d,Kang Lee,2026-04-03,14:14:36,-07:00,2026-04-03T14:14:36-07:00,2,20
projects/index.html,5,html,81a5f40d,Kang Lee,2026-04-03,14:14:36,-07:00,2026-04-03T14:14:36-07:00,2,68
projects/index.html,6,html,81a5f40d,Kang Lee,2026-04-03,14:14:36,-07:00,2026-04-03T14:14:36-07:00,2,39
projects/index.html,7,html,81a5f40d,Kang Lee,2026-04-03,14:14:36,-07:00,2026-04-03T14:14:36-07:00,2,41
projects/index.html,8,html,81a5f40d,Kang Lee,2026-04-03,14:14:36,-07:00,2026-04-03T14:14:36-07:00,0,5
projects/index.html,9,html,81a5f40d,Kang Lee,2026-04-03,14:14:36,-07:00,2026-04-03T14:14:36-07:00,0,4
projects/index.html,10,html,81a5f40d,Kang Lee,2026-04-03,14:14:36,-07:00,2026-04-03T14:14:36-07:00,0,0
projects/index.html,11,html,f15d968e,Kang Lee,2026-04-23,11:57:17,-07:00,2026-04-23T11:57:17-07:00,2,38
projects/index.html,12,html,6f629df8,Kang Lee,2026-04-30,11:52:46,-07:00,2026-04-30T11:52:46-07:00,0,0
projects/index.html,13,html,6f629df8,Kang Lee,2026-04-30,11:52:46,-07:00,2026-04-30T11:52:46-07:00,2,21
projects/index.html,14,html,6f629df8,Kang Lee,2026-04-30,11:52:46,-07:00,2026-04-30T11:52:46-07:00,4,58
projects/index.html,15,html,6f629df8,Kang Lee,2026-04-30,11:52:46,-07:00,2026-04-30T11:52:46-07:00,4,22
projects/index.html,16,html,6f629df8,Kang Lee,2026-04-30,11:52:46,-07:00,2026-04-30T11:52:46-07:00,2,4
projects/index.html,17,html,6f629df8,Kang Lee,2026-04-30,11:52:46,-07:00,2026-04-30T11:52:46-07:00,0,0
projects/index.html,18,html,6f629df8,Kang Lee,2026-04-30,11:52:46,-07:00,2026-04-30T11:52:46-07:00,2,100
projects/index.html,19,html,a5fb2a31,Kang Lee,2026-04-10,13:15:32,-07:00,2026-04-10T13:15:32-07:00,2,0
projects/index.html,20,html,f15d968e,Kang Lee,2026-04-23,11:57:17,-07:00,2026-04-23T11:57:17-07:00,2,26
projects/index.html,21,html,f15d968e,Kang Lee,2026-04-23,11:57:17,-07:00,2026-04-23T11:57:17-07:00,0,0
projects/index.html,22,html,f15d968e,Kang Lee,2026-04-23,11:57:17,-07:00,2026-04-23T11:57:17-07:00,2,48
projects/index.html,23,html,f15d968e,Kang Lee,2026-04-23,11:57:17,-07:00,2026-04-23T11:57:17-07:00,2,47
projects/index.html,24,html,f15d968e,Kang Lee,2026-04-23,11:57:17,-07:00,2026-04-23T11:57:17-07:00,4,0
projects/index.html,25,html,81a5f40d,Kang Lee,2026-04-03,14:14:36,-07:00,2026-04-03T14:14:36-07:00,0,5
projects/index.html,26,html,81a5f40d,Kang Lee,2026-04-03,14:14:36,-07:00,2026-04-03T14:14:36-07:00,0,5
contact/index.html,1,html,81a5f40d,Kang Lee,2026-04-03,14:14:36,-07:00,2026-04-03T14:14:36-07:00,0,13
contact/index.html,2,html,81a5f40d,Kang Lee,2026-04-03,14:14:36,-07:00,2026-04-03T14:14:36-07:00,0,14
contact/index.html,3,html,81a5f40d,Kang Lee,2026-04-03,14:14:36,-07:00,2026-04-03T14:14:36-07:00,0,4
contact/index.html,4,html,81a5f40d,Kang Lee,2026-04-03,14:14:36,-07:00,2026-04-03T14:14:36-07:00,2,20
contact/index.html,5,html,81a5f40d,Kang Lee,2026-04-03,14:14:36,-07:00,2026-04-03T14:14:36-07:00,2,68
contact/index.html,6,html,81a5f40d,Kang Lee,2026-04-03,14:14:36,-07:00,2026-04-03T14:14:36-07:00,2,38
contact/index.html,7,html,81a5f40d,Kang Lee,2026-04-03,14:14:36,-07:00,2026-04-03T14:14:36-07:00,2,41
contact/index.html,8,html,a47d45ee,Kang Lee,2026-04-16,16:04:21,-07:00,2026-04-16T16:04:21-07:00,0,0
contact/index.html,9,html,a47d45ee,Kang Lee,2026-04-16,16:04:21,-07:00,2026-04-16T16:04:21-07:00,2,48
contact/index.html,10,html,81a5f40d,Kang Lee,2026-04-03,14:14:36,-07:00,2026-04-03T14:14:36-07:00,0,5
contact/index.html,11,html,81a5f40d,Kang Lee,2026-04-03,14:14:36,-07:00,2026-04-03T14:14:36-07:00,0,4
contact/index.html,12,html,81a5f40d,Kang Lee,2026-04-03,14:14:36,-07:00,2026-04-03T14:14:36-07:00,0,0
contact/index.html,13,html,81a5f40d,Kang Lee,2026-04-03,14:14:36,-07:00,2026-04-03T14:14:36-07:00,2,17
contact/index.html,14,html,1bc4852e,Kang Lee,2026-04-09,11:16:24,-07:00,2026-04-09T11:16:24-07:00,2,49
contact/index.html,15,html,1bc4852e,Kang Lee,2026-04-09,11:16:24,-07:00,2026-04-09T11:16:24-07:00,0,0
contact/index.html,16,html,3466bacd,Kang Lee,2026-04-17,11:59:28,-07:00,2026-04-17T11:59:28-07:00,2,44
contact/index.html,17,html,dbeefe1e,Kang Lee,2026-04-17,11:54:46,-07:00,2026-04-17T11:54:46-07:00,4,5
contact/index.html,18,html,dbeefe1e,Kang Lee,2026-04-17,11:54:46,-07:00,2026-04-17T11:54:46-07:00,4,41
contact/index.html,19,html,dbeefe1e,Kang Lee,2026-04-17,11:54:46,-07:00,2026-04-17T11:54:46-07:00,2,6
contact/index.html,20,html,dbeefe1e,Kang Lee,2026-04-17,11:54:46,-07:00,2026-04-17T11:54:46-07:00,2,0
contact/index.html,21,html,dbeefe1e,Kang Lee,2026-04-17,11:54:46,-07:00,2026-04-17T11:54:46-07:00,2,5
contact/index.html,22,html,dbeefe1e,Kang Lee,2026-04-17,11:54:46,-07:00,2026-04-17T11:54:46-07:00,4,5
contact/index.html,23,html,dbeefe1e,Kang Lee,2026-04-17,11:54:46,-07:00,2026-04-17T11:54:46-07:00,4,40
contact/index.html,24,html,dbeefe1e,Kang Lee,2026-04-17,11:54:46,-07:00,2026-04-17T11:54:46-07:00,2,6
contact/index.html,25,html,1bc4852e,Kang Lee,2026-04-09,11:16:24,-07:00,2026-04-09T11:16:24-07:00,0,0
contact/index.html,26,html,dbeefe1e,Kang Lee,2026-04-17,11:54:46,-07:00,2026-04-17T11:54:46-07:00,2,41
contact/index.html,27,html,1bc4852e,Kang Lee,2026-04-09,11:16:24,-07:00,2026-04-09T11:16:24-07:00,2,5
contact/index.html,28,html,81a5f40d,Kang Lee,2026-04-03,14:14:36,-07:00,2026-04-03T14:14:36-07:00,0,5
contact/index.html,29,html,81a5f40d,Kang Lee,2026-04-03,14:14:36,-07:00,2026-04-03T14:14:36-07:00,0,5
